level,seconds,kills,skills,stats,rank_sum,maxed,evolved,picked
2,12,9,1,0,1,0,0,marksman.hunters
3,22,24,1,0,2,0,0,marksman.hunters
4,34,42,1,0,3,0,0,marksman.hunters
5,45,66,1,0,4,0,0,marksman.hunters
6,63,96,1,0,5,1,0,marksman.hunters
7,82,139,2,0,6,1,0,marksman.longshot
8,104,180,2,0,7,1,0,marksman.longshot
9,119,219,2,0,8,1,0,marksman.longshot
10,135,263,2,0,10,2,0,marksman.longshot
11,158,316,3,0,11,2,0,auto.soulburst
12,180,376,4,0,12,2,0,auto.toxic
13,191,428,5,0,13,2,0,auto.firetrail
14,210,481,6,0,14,2,0,uni.greed
15,235,549,6,0,15,2,0,auto.firetrail
16,254,612,6,0,16,2,0,uni.greed
17,273,686,6,0,17,2,0,auto.soulburst
18,285,731,6,0,18,2,0,auto.firetrail
19,300,765,6,0,19,2,0,uni.greed
20,311,809,6,0,21,2,0,auto.firetrail
21,322,844,6,0,22,3,0,auto.firetrail
22,330,875,6,0,23,3,0,auto.toxic
23,345,928,6,0,24,3,0,uni.greed
24,357,970,6,0,25,3,0,auto.soulburst
25,373,1024,6,0,26,3,0,auto.soulburst
26,388,1076,6,0,27,3,0,auto.toxic
27,401,1131,6,0,28,4,0,auto.toxic
28,420,1189,6,0,29,5,0,uni.greed
29,437,1242,6,0,30,6,0,auto.soulburst
30,452,1298,6,1,31,6,0,stat.movespeed
31,468,1378,6,2,33,6,0,stat.coingain
32,491,1482,6,3,34,6,0,stat.firerate
33,507,1562,6,4,35,6,0,stat.damage
34,528,1642,6,4,36,6,0,stat.firerate
35,544,1703,6,4,37,6,0,stat.firerate
36,559,1780,6,4,40,6,0,stat.damage
37,575,1848,6,4,42,6,0,stat.firerate
38,589,1922,6,4,43,7,0,stat.movespeed
39,611,2032,6,4,44,7,0,stat.damage
40,633,2132,6,4,45,8,0,stat.damage
41,649,2213,6,4,47,9,0,stat.firerate
42,666,2290,6,4,48,9,0,stat.coingain
43,684,2380,6,4,49,9,0,stat.coingain
44,706,2480,6,4,50,10,0,stat.coingain
45,724,2570,6,4,50,10,0,over.might
46,738,2664,6,4,50,10,0,over.magnet
47,757,2752,6,4,50,10,0,over.heal
48,774,2839,6,4,50,10,0,over.coin
49,797,2977,6,4,50,10,0,over.heal
50,819,3073,6,4,50,10,0,over.might
51,837,3168,6,4,50,10,0,over.magnet
# full build at 706 s, 14 min run, level 1->51
