id,rank,seconds,dps,hits,gun_dps
auto.chainlightning,5,20.0,35.1,20,271.4
auto.ordnance,5,20.1,87.4,20,270.2
auto.soulburst,5,20.3,8.7,2,335.6
auto.emergency,5,20.0,0.0,0,271.9
auto.orbit,5,20.0,24.4,34,271.7
auto.drone,5,20.0,28.5,51,271.8
auto.frostnova,5,20.0,40.9,32,271.6
auto.firetrail,5,20.2,12.2,22,403.6
auto.boomerang,5,20.0,1.1,1,34.0
auto.airstrike,5,20.0,0.0,0,17.0
evo.thunderstorm,5,20.0,15.8,6,34.0
evo.carpetbomb,5,20.2,0.0,0,26.1
evo.buzzsaw,5,20.0,0.0,0,0.0
evo.absolutezero,5,20.0,0.0,0,17.0
evo.squadron,5,20.0,15.1,18,17.0
evo.reaper,5,20.1,0.0,0,0.0
