id,avg_ms,p95_ms,worst_ms,draw_calls,gc_bytes
auto.chainlightning,41.9,22.2,1157.7,148,32481
auto.ordnance,62.1,26.8,1163.0,132,36472
auto.soulburst,41.8,23.6,1164.0,144,26670
auto.emergency,50.5,25.1,1156.7,161,31923
auto.orbit,96.3,47.4,2323.4,392,41767
auto.drone,54.1,26.5,1263.2,165,30405
auto.frostnova,46.8,26.0,1174.7,137,34448
auto.firetrail,60.7,23.9,2813.4,235,30692
auto.boomerang,75.8,25.8,2926.5,173,33721
auto.airstrike,57.4,25.1,1471.3,195,31979
auto.toxic,49.7,65.7,1415.2,300,29897
auto.gravity,35.7,25.5,1181.0,161,32877
auto.thorns,95.0,26.4,2923.6,201,31969
auto.turret,85.7,28.3,1776.1,174,30075
auto.meteor,51.9,39.1,1157.5,303,37212
auto.stormcloud,65.2,23.9,1702.3,144,31660
auto.iceshards,100.4,746.3,1772.1,259,37800
auto.flameburst,65.5,26.6,1160.2,146,33731
auto.landmine,57.3,23.4,2855.8,198,30232
auto.axe,82.2,60.4,2310.9,238,32900
auto.wardog,90.4,25.2,3953.5,173,30978
auto.stomp,51.7,61.5,1180.5,150,29703
auto.timewarp,83.9,542.2,1806.5,142,30843
evo.thunderstorm,84.8,1142.9,1698.8,172,29659
evo.carpetbomb,106.5,1053.8,1769.5,211,28854
evo.buzzsaw,94.3,30.0,3229.2,372,31045
evo.absolutezero,50.5,25.5,1166.7,143,33504
evo.squadron,182.9,1149.9,2757.4,157,35551
evo.reaper,158.3,1343.1,3873.3,193,32856
evo.plague,87.9,932.5,1445.1,352,28004
evo.singularity,92.8,106.8,2773.6,177,31008
evo.fortress,127.6,40.1,2570.3,318,29274
evo.meteorstorm,163.2,1441.7,2104.9,361,32288
evo.ironmaiden,110.9,62.9,3828.3,217,31524
evo.supercell,85.2,1015.7,1857.9,151,32894
evo.blizzard,115.5,711.8,2772.4,422,29987
evo.dragonbreath,114.0,61.5,4046.8,352,29814
evo.minefield,66.0,36.2,1238.9,170,34238
evo.axestorm,51.6,47.3,1166.4,250,33385
evo.alphapack,94.1,1140.5,1188.0,151,29585
evo.earthquake,86.3,1057.0,1672.9,135,29587
evo.timestop,67.6,78.5,1653.7,151,30143
