id,avg_ms,p95_ms,worst_ms,loop_avg_ms,loop_p95_ms,draw_calls,gc_bytes
auto.chainlightning,136.3,1244.3,1866.8,124.9,1211.8,145,34408
auto.ordnance,92.6,23.7,3074.1,82.1,13.7,144,37398
auto.soulburst,135.2,1207.9,3125.7,124.2,1198.5,129,32864
auto.emergency,125.0,48.5,4167.1,113.9,30.3,135,29199
auto.orbit,64.3,34.9,1765.7,32.5,20.3,295,34620
auto.drone,55.7,24.0,1218.6,45.3,13.4,161,29414
auto.frostnova,119.1,47.6,3093.9,108.0,33.8,154,31119
auto.firetrail,56.2,23.9,1217.4,45.7,13.3,196,28582
auto.boomerang,79.5,335.9,1760.7,69.2,322.7,194,29823
auto.airstrike,106.5,51.3,2733.2,11.9,30.2,190,33288
auto.toxic,135.4,1504.3,1976.3,71.2,751.8,289,29121
auto.gravity,61.9,25.5,1750.9,51.6,12.3,174,28554
auto.thorns,67.7,35.9,1277.1,57.3,25.9,212,27815
auto.turret,216.6,1873.8,1906.0,12.0,30.6,173,31682
auto.meteor,58.2,227.1,1218.9,47.6,215.0,316,29198
auto.stormcloud,162.7,1213.5,4194.0,152.4,1200.1,148,28794
auto.iceshards,107.1,28.3,3128.0,96.3,15.1,176,29474
auto.flameburst,55.0,36.9,2065.0,8.1,13.5,163,29996
auto.landmine,157.9,1200.8,3143.6,105.2,25.2,155,30271
auto.axe,78.0,23.9,3633.8,59.9,10.5,227,28670
auto.wardog,57.9,25.2,1213.1,47.3,11.9,140,31011
auto.stomp,114.0,53.6,3141.8,102.5,35.6,148,29744
auto.timewarp,48.4,24.3,2959.9,37.9,8.1,148,31304
evo.thunderstorm,126.5,46.4,3083.6,116.2,48.0,164,28413
evo.carpetbomb,118.7,1225.3,1754.3,69.8,59.2,184,29963
evo.buzzsaw,200.2,3073.1,3197.6,187.6,3026.3,253,31024
evo.absolutezero,173.8,1813.1,2930.9,53.1,544.2,116,31031
evo.squadron,287.8,3020.4,3071.1,145.5,50.3,181,28354
evo.reaper,74.1,46.5,3132.3,63.4,32.0,152,29409
evo.plague,69.8,117.1,3226.6,50.6,105.5,303,28846
evo.singularity,133.2,45.9,4132.2,123.4,38.3,173,30238
evo.fortress,105.3,30.1,2656.6,95.0,26.7,355,29358
evo.meteorstorm,66.7,225.0,1535.6,57.1,214.2,412,29999
evo.ironmaiden,51.0,23.6,1217.1,40.9,13.5,201,30009
evo.supercell,211.8,1211.2,2966.9,10.7,29.9,141,31597
evo.blizzard,70.2,456.5,1422.9,54.1,18.9,429,29427
evo.dragonbreath,152.8,996.7,3182.5,81.2,20.2,269,30427
evo.minefield,69.5,40.4,1314.1,59.4,30.4,225,31526
evo.axestorm,108.9,133.0,3229.8,82.4,29.6,239,32198
evo.alphapack,59.6,24.3,1221.9,35.8,11.4,172,28964
evo.earthquake,43.6,26.6,1218.8,33.4,12.0,149,30471
evo.timestop,103.9,675.8,3498.0,53.9,548.9,122,32895
