shot,batches,setpass,triangles,vertices
M_forest,118,16,87995,178957
M_forest_Hero,1588,31,2240921,4519467
M_forest_Seam,147,16,224987,447799
M_forest_Top,5531,49,7949085,16116779
M_meadow,73,18,175237,334430
M_meadow_Hero,1424,30,3965830,8291721
M_meadow_Seam,65,18,89407,137648
M_meadow_Top,5872,58,13156999,27325264
M_swamp,56,14,31451,33649
M_swamp_Hero,967,19,730377,998424
M_swamp_Seam,59,16,73001,49325
M_swamp_Top,3466,35,2186242,3000050
M_tundra,18,12,22223,17135
M_tundra_Hero,299,17,313247,346751
M_tundra_Top,1069,22,919334,1167235
M_volcano,57,18,38119,25572
M_volcano_Hero,773,25,516083,675765
M_volcano_Seam,67,14,77407,54126
M_volcano_Top,3561,39,1904259,2836847
Overview,1609,38,3357079,6600348
city,59,17,94015,136325
city_Hero,522,23,1172559,2360455
desert,41,17,67013,67521
desert_Hero,544,31,1095267,2148208
forest,122,18,213329,396486
forest_Hero,934,30,1600800,3220833
meadow,74,20,120203,178180
meadow_Hero,530,29,1083252,2189883
swamp,82,20,254007,390901
swamp_Hero,651,31,1464771,2808539
toy,137,19,165623,303941
toy_Hero,439,24,422738,783456
tundra,22,14,54724,42279
tundra_Hero,337,25,907129,1677466
volcano,42,18,58741,58090
volcano_Hero,297,25,333791,485336
Nav_meadow_t0,5944,58,13229372,27431654
Nav_volcano_t0,3447,39,1896021,2715661
Nav_meadow_t6,5800,59,13012378,26916947
Nav_volcano_t6,3419,39,1846664,2541844
Nav_meadow_t12,5991,59,13417094,27828200
Nav_volcano_t12,3450,39,1884578,2760663
Nav_meadow_t20,6009,59,13370885,27681423
Nav_volcano_t20,3548,39,1914701,2796370
