model,triangles,height_m,materials,clips,move,attack,hit,death,missing
Alien Blob,2616,3.26,4,40,Jump,Bite_Front,HitRecieve,Death,
Alien,7676,3.66,5,40,,Punch,,,move hit death
Alpaking Evolved,4684,2.96,5,21,Fast_Flying.001,,,,attack hit death
Alpaking,2508,2.22,5,21,Fast_Flying.001,,,,attack hit death
armabee Evolved,3200,2.06,7,21,Fast_Flying.001,,,,attack hit death
Armabee,2280,1.99,5,21,Fast_Flying.001,,,,attack hit death
Bird Blob,3164,1.85,5,43,Jump,Bite_Front,HitRecieve,Death,
Bird,5704,3.35,5,40,,Punch,,,move hit death
Blue Demon,5800,3.02,6,40,,Punch,,,move hit death
Bunny,8284,3.65,6,42,,Punch,,,move hit death
Cactoro Blob,2388,2.03,7,40,Jump,Bite_Front,HitRecieve,Death,
Cactoro,6398,4.20,6,40,,Punch,,,move hit death
Cat Blob,1772,1.96,5,40,Jump,Bite_Front,HitRecieve,Death,
Chicken Blob,2904,2.27,5,40,Jump,Bite_Front,HitRecieve,Death,
Demon Flying,4784,2.13,7,25,Fast_Flying.001,Punch.015,,,hit death
Demon,6712,3.23,5,43,,Punch,,,move hit death
Dino,5414,3.27,6,43,,Punch,,,move hit death
Dog Blob,1392,1.84,4,40,Jump,Bite_Front,HitRecieve,Death,
Dragon Fly,4562,1.65,5,21,Fast_Flying.001,,,,attack hit death
Dragon,7440,2.70,5,32,Fast_Flying.001,Headbutt,,,hit death
Fish Blob,3346,2.74,7,40,Jump,Bite_Front,HitRecieve,Death,
fish,6854,3.92,6,43,,Punch,,,move hit death
Frog,5016,2.85,4,43,,Punch,,,move hit death
Ghost Skull,3146,2.88,2,9,flyghost,Headbutt,,,hit death
Ghost,3192,2.91,3,9,flyghost,Headbutt,,,hit death
Glub Evolved,4452,3.21,4,0,,,,,move attack hit death
Glub,2528,1.87,4,18,Fast_Flying.001,,,,attack hit death
Goleing Evolved,5864,2.87,6,21,Fast_Flying.001,,,,attack hit death
Goleing,3696,1.63,4,18,Fast_Flying.001,,,,attack hit death
Green Blob,1520,1.20,3,40,Jump,Bite_Front,HitRecieve,Death,
Green Spiky Blob,4888,2.38,4,40,Jump,Bite_Front,HitRecieve,Death,
Hywirl,3296,3.02,3,9,flyghost,Headbutt,,,hit death
Monkroose,5824,3.08,5,43,,Punch,,,move hit death
Mushnub Evolved,3072,2.47,8,40,Jump,Bite_Front,HitRecieve,Death,
Mushroom Blob,1248,2.05,4,40,Jump,Bite_Front,HitRecieve,Death,
Mushroom,6044,4.17,7,43,,Punch,,,move hit death
Ninja Blob,2160,2.18,5,40,Jump,Bite_Front,HitRecieve,Death,
Ninja,5964,3.28,7,40,,Punch,,,move hit death
Orc Blob,2296,1.84,7,40,Jump,Bite_Front,HitRecieve,Death,
Orc Skull,7364,3.40,8,40,,Punch,,,move hit death
Orc,7344,3.35,11,43,,Punch,,,move hit death
Pigeon Blob,2184,1.50,4,40,Jump,Bite_Front,HitRecieve,Death,
Pigeon,3512,1.88,4,18,Fast_Flying.001,,,,attack hit death
Pink Blob,1030,2.09,4,40,Jump,Bite_Front,HitRecieve,Death,
Squidle,4880,2.12,6,22,Fast_Flying.001,Punch.015,,,hit death
Tribal Flying,5252,4.31,5,6,flyghost,Headbutt,,,hit death
Tribal,6620,3.96,5,43,,Punch,,,move hit death
Wizard Blob,1674,1.84,6,40,Jump,Bite_Front,HitRecieve,Death,
Yeti Blob,2136,1.60,6,40,Jump,Bite_Front,HitRecieve,Death,
Yeti,6094,2.99,6,43,,Punch,,,move hit death
