pack	path	name	renderers	matSlots	distinctMats	shaders	tris	boundsX	boundsY	boundsZ	childCount	gripHits	muzzleHits	childSample
PistolPack1	Assets/ThirdParty/Low Poly Pistol Weapon Pack 1/Prefabs/Attachments/Accessories/Rails/Rail_Pistol_A.prefab	Rail_Pistol_A	1	1	1	StylizedToonWorldKit/Toon/Toon Lit	140	0.025	0.010	0.057	0	0	0	
PistolPack1	Assets/ThirdParty/Low Poly Pistol Weapon Pack 1/Prefabs/Attachments/Accessories/Rails/Rail_Pistol_B.prefab	Rail_Pistol_B	1	1	1	StylizedToonWorldKit/Toon/Toon Lit	140	0.025	0.010	0.057	0	0	0	
PistolPack1	Assets/ThirdParty/Low Poly Pistol Weapon Pack 1/Prefabs/Attachments/Accessories/Tatical Lasers/Laser_Pistol_A.prefab	Laser_Pistol_A	1	1	1	StylizedToonWorldKit/Toon/Toon Lit	548	0.032	0.038	0.085	0	0	0	
PistolPack1	Assets/ThirdParty/Low Poly Pistol Weapon Pack 1/Prefabs/Attachments/Accessories/Tatical Lasers/Laser_Pistol_B.prefab	Laser_Pistol_B	1	1	1	StylizedToonWorldKit/Toon/Toon Lit	756	0.043	0.051	0.088	0	0	0	
PistolPack1	Assets/ThirdParty/Low Poly Pistol Weapon Pack 1/Prefabs/Attachments/Accessories/Tatical Lights/Light_Pistol_A.prefab	Light_Pistol_A	1	1	1	StylizedToonWorldKit/Toon/Toon Lit	584	0.036	0.047	0.165	0	0	0	
PistolPack1	Assets/ThirdParty/Low Poly Pistol Weapon Pack 1/Prefabs/Attachments/Accessories/Tatical Lights/Light_Pistol_B.prefab	Light_Pistol_B	1	1	1	StylizedToonWorldKit/Toon/Toon Lit	544	0.039	0.048	0.108	0	0	0	
PistolPack1	Assets/ThirdParty/Low Poly Pistol Weapon Pack 1/Prefabs/Attachments/Muzzles/Muzzle_Pistol_Brake_A.prefab	Muzzle_Pistol_Brake_A	1	1	1	StylizedToonWorldKit/Toon/Toon Lit	1060	0.028	0.033	0.069	0	0	1	
PistolPack1	Assets/ThirdParty/Low Poly Pistol Weapon Pack 1/Prefabs/Attachments/Muzzles/Muzzle_Pistol_Brake_B.prefab	Muzzle_Pistol_Brake_B	1	1	1	StylizedToonWorldKit/Toon/Toon Lit	632	0.028	0.041	0.058	0	0	1	
PistolPack1	Assets/ThirdParty/Low Poly Pistol Weapon Pack 1/Prefabs/Attachments/Muzzles/Muzzle_Pistol_Device.prefab	Muzzle_Pistol_Device	1	1	1	StylizedToonWorldKit/Toon/Toon Lit	212	0.022	0.025	0.032	0	0	1	
PistolPack1	Assets/ThirdParty/Low Poly Pistol Weapon Pack 1/Prefabs/Attachments/Muzzles/Muzzle_Pistol_Flash Hider_A.prefab	Muzzle_Pistol_Flash Hider_A	1	1	1	StylizedToonWorldKit/Toon/Toon Lit	416	0.028	0.033	0.075	0	0	1	
PistolPack1	Assets/ThirdParty/Low Poly Pistol Weapon Pack 1/Prefabs/Attachments/Muzzles/Muzzle_Pistol_Flash Hider_B.prefab	Muzzle_Pistol_Flash Hider_B	1	1	1	StylizedToonWorldKit/Toon/Toon Lit	560	0.025	0.029	0.065	0	0	1	
PistolPack1	Assets/ThirdParty/Low Poly Pistol Weapon Pack 1/Prefabs/Attachments/Muzzles/Muzzle_Pistol_Suppressor_A.prefab	Muzzle_Pistol_Suppressor_A	1	1	1	StylizedToonWorldKit/Toon/Toon Lit	2144	0.028	0.030	0.178	0	0	1	
PistolPack1	Assets/ThirdParty/Low Poly Pistol Weapon Pack 1/Prefabs/Attachments/Muzzles/Muzzle_Pistol_Suppressor_B.prefab	Muzzle_Pistol_Suppressor_B	1	1	1	StylizedToonWorldKit/Toon/Toon Lit	594	0.030	0.045	0.210	0	0	1	
PistolPack1	Assets/ThirdParty/Low Poly Pistol Weapon Pack 1/Prefabs/Attachments/Muzzles/Muzzle_Pistol_Suppressor_C.prefab	Muzzle_Pistol_Suppressor_C	1	1	1	StylizedToonWorldKit/Toon/Toon Lit	288	0.039	0.039	0.189	0	0	1	
PistolPack1	Assets/ThirdParty/Low Poly Pistol Weapon Pack 1/Prefabs/Attachments/Optics/Optic_Pistol_A.prefab	Optic_Pistol_A	2	2	2	StylizedToonWorldKit/Surface/Glass|StylizedToonWorldKit/Toon/Toon Lit	760	0.035	0.050	0.059	1	0	0	Optic_Pistol_A_Lens
PistolPack1	Assets/ThirdParty/Low Poly Pistol Weapon Pack 1/Prefabs/Attachments/Optics/Optic_Pistol_B.prefab	Optic_Pistol_B	2	2	2	StylizedToonWorldKit/Surface/Glass|StylizedToonWorldKit/Toon/Toon Lit	832	0.041	0.082	0.089	1	0	0	Optic_Pistol_B_Lens
PistolPack1	Assets/ThirdParty/Low Poly Pistol Weapon Pack 1/Prefabs/Attachments/Optics/Optic_Pistol_C.prefab	Optic_Pistol_C	2	2	2	StylizedToonWorldKit/Surface/Glass|StylizedToonWorldKit/Toon/Toon Lit	516	0.035	0.053	0.061	1	0	0	Optic_Pistol_C_Lens
PistolPack1	Assets/ThirdParty/Low Poly Pistol Weapon Pack 1/Prefabs/Attachments/Optics/Optic_Pistol_D.prefab	Optic_Pistol_D	2	2	2	StylizedToonWorldKit/Surface/Glass|StylizedToonWorldKit/Toon/Toon Lit	736	0.039	0.052	0.056	1	0	0	Optic_Pistol_D_Lens
PistolPack1	Assets/ThirdParty/Low Poly Pistol Weapon Pack 1/Prefabs/Attachments/Optics/Optic_Pistol_E.prefab	Optic_Pistol_E	2	2	2	StylizedToonWorldKit/Surface/Glass|StylizedToonWorldKit/Toon/Toon Lit	606	0.045	0.045	0.051	1	0	0	Optic_Pistol_E_Lens
PistolPack1	Assets/ThirdParty/Low Poly Pistol Weapon Pack 1/Prefabs/Attachments/Optics/Optic_Pistol_F.prefab	Optic_Pistol_F	2	2	2	StylizedToonWorldKit/Surface/Glass|StylizedToonWorldKit/Toon/Toon Lit	1764	0.042	0.082	0.250	1	0	0	Optic_Pistol_F_Lens
PistolPack1	Assets/ThirdParty/Low Poly Pistol Weapon Pack 1/Prefabs/Bullets/Bullet_Pistol_A.prefab	Bullet_Pistol_A	2	2	1	StylizedToonWorldKit/Toon/Toon Lit	148	0.012	0.013	0.032	1	0	0	Bullet_Pistol_A_Part
PistolPack1	Assets/ThirdParty/Low Poly Pistol Weapon Pack 1/Prefabs/Bullets/Bullet_Pistol_B.prefab	Bullet_Pistol_B	2	2	1	StylizedToonWorldKit/Toon/Toon Lit	196	0.012	0.013	0.032	1	0	0	Bullet_Pistol_B_Part
PistolPack1	Assets/ThirdParty/Low Poly Pistol Weapon Pack 1/Prefabs/Bullets/Bullet_Pistol_C.prefab	Bullet_Pistol_C	2	2	1	StylizedToonWorldKit/Toon/Toon Lit	172	0.012	0.013	0.033	1	0	0	Bullet_Pistol_C_Part
PistolPack1	Assets/ThirdParty/Low Poly Pistol Weapon Pack 1/Prefabs/Bullets/Bullet_Pistol_D.prefab	Bullet_Pistol_D	2	2	1	StylizedToonWorldKit/Toon/Toon Lit	184	0.012	0.013	0.032	1	0	0	Bullet_Pistol_D_Part
PistolPack1	Assets/ThirdParty/Low Poly Pistol Weapon Pack 1/Prefabs/Weapons/Pistol_A.prefab	Pistol_A	6	6	1	StylizedToonWorldKit/Toon/Toon Lit	3120	0.050	0.215	0.386	9	2	1	Pistol_A_Barrel,Pistol_A_BarrelGuard,Pistol_A_Bolt,Pistol_A_Mag,Pistol_A_Receiver,Pistol_A_Trigger
PistolPack1	Assets/ThirdParty/Low Poly Pistol Weapon Pack 1/Prefabs/Weapons/Pistol_B.prefab	Pistol_B	5	5	1	StylizedToonWorldKit/Toon/Toon Lit	2516	0.036	0.176	0.355	8	2	1	Pistol_B_Barrel,Pistol_B_BarrelGuard,Pistol_B_Mag,Pistol_B_Receiver,Pistol_B_Trigger,MuzzlePoint
PistolPack1	Assets/ThirdParty/Low Poly Pistol Weapon Pack 1/Prefabs/Weapons/Pistol_C.prefab	Pistol_C	6	6	1	StylizedToonWorldKit/Toon/Toon Lit	2330	0.037	0.169	0.348	9	2	1	Pistol_C_Barrel,Pistol_C_BarrelGuard,Pistol_C_Bolt,Pistol_C_Mag,Pistol_C_Receiver,Pistol_C_Trigger
PistolPack1	Assets/ThirdParty/Low Poly Pistol Weapon Pack 1/Prefabs/Weapons/Pistol_D.prefab	Pistol_D	6	6	1	StylizedToonWorldKit/Toon/Toon Lit	3092	0.041	0.166	0.353	9	2	1	Pistol_D_Barrel,Pistol_D_Bolt,Pistol_D_Mag,Pistol_D_Receiver,Pistol_D_Receiver_Part,Pistol_D_Trigger
PistolPack1	Assets/ThirdParty/Low Poly Pistol Weapon Pack 1/Prefabs/Weapons/Pistol_E.prefab	Pistol_E	6	6	1	StylizedToonWorldKit/Toon/Toon Lit	2680	0.036	0.171	0.315	9	2	1	Pistol_E_Barrel,Pistol_E_BarrelGuard,Pistol_E_Bolt,Pistol_E_Mag,Pistol_E_Receiver,Pistol_E_Trigger
PistolPack1	Assets/ThirdParty/Low Poly Pistol Weapon Pack 1/Prefabs/Weapons/Pistol_F.prefab	Pistol_F	7	7	1	StylizedToonWorldKit/Toon/Toon Lit	3482	0.039	0.249	0.263	10	2	1	Pistol_F_Barrel,Pistol_F_BarrelGuard,Pistol_F_BarrelGuard.001,Pistol_F_Bolt,Pistol_F_Mag,Pistol_F_Receiver
PistolPack1	Assets/ThirdParty/Low Poly Pistol Weapon Pack 1/Prefabs/Weapons/Pistol_G.prefab	Pistol_G	8	8	1	StylizedToonWorldKit/Toon/Toon Lit	3532	0.051	0.148	0.193	11	3	1	Pistol_G_Barrel,Pistol_G_BarrelGuard,Pistol_G_Bolt,Pistol_G_Grip,Pistol_G_Receiver,Pistol_G_Receiver_Part
PistolPack1	Assets/ThirdParty/Low Poly Pistol Weapon Pack 1/Prefabs/Weapons/Pistol_H.prefab	Pistol_H	6	6	1	StylizedToonWorldKit/Toon/Toon Lit	2942	0.038	0.246	0.268	9	2	1	Pistol_H_Barrel,Pistol_H_BarrelGuard,Pistol_H_Mag,Pistol_H_Receiver,Pistol_H_Sight,Pistol_H_Trigger
PistolPack1	Assets/ThirdParty/Low Poly Pistol Weapon Pack 1/Prefabs/Weapons/Pistol_I.prefab	Pistol_I	7	7	1	StylizedToonWorldKit/Toon/Toon Lit	2958	0.043	0.254	0.290	10	2	1	Pistol_I_Barrel,Pistol_I_BarrelGuard,Pistol_I_Bolt,Pistol_I_Mag,Pistol_I_Receiver,Pistol_I_Sight
PistolPack1	Assets/ThirdParty/Low Poly Pistol Weapon Pack 1/Prefabs/Weapons/Pistol_J.prefab	Pistol_J	7	7	1	StylizedToonWorldKit/Toon/Toon Lit	2874	0.039	0.270	0.292	10	2	1	Pistol_J_Barrel,Pistol_J_BarrelGuard,Pistol_J_Bolt,Pistol_J_Mag,Pistol_J_Receiver,Pistol_J_Sight
ShotgunPack1	Assets/ThirdParty/Low Poly ShotGun Weapon Pack 1/Prefabs/Attachments/Accessories/Rails/Rail_A/Rail_A_Down.prefab	Rail_A_Down	1	1	1	StylizedToonWorldKit/Toon/Toon Lit	184	0.033	0.012	0.138	0	0	0	
ShotgunPack1	Assets/ThirdParty/Low Poly ShotGun Weapon Pack 1/Prefabs/Attachments/Accessories/Rails/Rail_A/Rail_A_Left.prefab	Rail_A_Left	1	1	1	StylizedToonWorldKit/Toon/Toon Lit	184	0.012	0.033	0.138	0	0	0	
ShotgunPack1	Assets/ThirdParty/Low Poly ShotGun Weapon Pack 1/Prefabs/Attachments/Accessories/Rails/Rail_A/Rail_A_Right.prefab	Rail_A_Right	1	1	1	StylizedToonWorldKit/Toon/Toon Lit	184	0.012	0.033	0.138	0	0	0	
ShotgunPack1	Assets/ThirdParty/Low Poly ShotGun Weapon Pack 1/Prefabs/Attachments/Accessories/Rails/Rail_A/Rail_A_Up.prefab	Rail_A_Up	1	1	1	StylizedToonWorldKit/Toon/Toon Lit	184	0.033	0.012	0.138	0	0	0	
ShotgunPack1	Assets/ThirdParty/Low Poly ShotGun Weapon Pack 1/Prefabs/Attachments/Accessories/Tatical Lasers/Laser_A_Left.prefab	Laser_A_Left	1	1	1	StylizedToonWorldKit/Toon/Toon Lit	346	0.039	0.065	0.127	0	0	0	
ShotgunPack1	Assets/ThirdParty/Low Poly ShotGun Weapon Pack 1/Prefabs/Attachments/Accessories/Tatical Lasers/Laser_A_Right.prefab	Laser_A_Right	1	1	1	StylizedToonWorldKit/Toon/Toon Lit	346	0.039	0.065	0.127	0	0	0	
ShotgunPack1	Assets/ThirdParty/Low Poly ShotGun Weapon Pack 1/Prefabs/Attachments/Accessories/Tatical Lasers/Laser_B_Left.prefab	Laser_B_Left	1	1	1	StylizedToonWorldKit/Toon/Toon Lit	544	0.039	0.070	0.133	0	0	0	
ShotgunPack1	Assets/ThirdParty/Low Poly ShotGun Weapon Pack 1/Prefabs/Attachments/Accessories/Tatical Lasers/Laser_B_Right.prefab	Laser_B_Right	1	1	1	StylizedToonWorldKit/Toon/Toon Lit	544	0.039	0.070	0.133	0	0	0	
ShotgunPack1	Assets/ThirdParty/Low Poly ShotGun Weapon Pack 1/Prefabs/Attachments/Accessories/Tatical Lasers/Laser_C_Left.prefab	Laser_C_Left	1	1	1	StylizedToonWorldKit/Toon/Toon Lit	718	0.034	0.078	0.101	0	0	0	
ShotgunPack1	Assets/ThirdParty/Low Poly ShotGun Weapon Pack 1/Prefabs/Attachments/Accessories/Tatical Lasers/Laser_C_Right.prefab	Laser_C_Right	1	1	1	StylizedToonWorldKit/Toon/Toon Lit	718	0.034	0.078	0.101	0	0	0	
ShotgunPack1	Assets/ThirdParty/Low Poly ShotGun Weapon Pack 1/Prefabs/Attachments/Accessories/Tatical Lasers/Laser_D_Left.prefab	Laser_D_Left	1	1	1	StylizedToonWorldKit/Toon/Toon Lit	796	0.041	0.075	0.125	0	0	0	
ShotgunPack1	Assets/ThirdParty/Low Poly ShotGun Weapon Pack 1/Prefabs/Attachments/Accessories/Tatical Lasers/Laser_D_Right.prefab	Laser_D_Right	1	1	1	StylizedToonWorldKit/Toon/Toon Lit	796	0.041	0.075	0.125	0	0	0	
ShotgunPack1	Assets/ThirdParty/Low Poly ShotGun Weapon Pack 1/Prefabs/Attachments/Accessories/Tatical Lights/Light_A_Left.prefab	Light_A_Left	2	2	1	StylizedToonWorldKit/Toon/Toon Lit	520	0.056	0.049	0.187	1	0	0	Light_A_Left_Part
ShotgunPack1	Assets/ThirdParty/Low Poly ShotGun Weapon Pack 1/Prefabs/Attachments/Accessories/Tatical Lights/Light_A_Right.prefab	Light_A_Right	2	2	1	StylizedToonWorldKit/Toon/Toon Lit	520	0.056	0.049	0.187	1	0	0	Light_A_Part_Right
ShotgunPack1	Assets/ThirdParty/Low Poly ShotGun Weapon Pack 1/Prefabs/Attachments/Accessories/Tatical Lights/Light_B_Left.prefab	Light_B_Left	2	2	1	StylizedToonWorldKit/Toon/Toon Lit	622	0.045	0.071	0.138	1	0	0	Light_B_Left_Part
ShotgunPack1	Assets/ThirdParty/Low Poly ShotGun Weapon Pack 1/Prefabs/Attachments/Accessories/Tatical Lights/Light_B_Right.prefab	Light_B_Right	2	2	1	StylizedToonWorldKit/Toon/Toon Lit	622	0.045	0.071	0.138	1	0	0	Light_B_Right_Part
ShotgunPack1	Assets/ThirdParty/Low Poly ShotGun Weapon Pack 1/Prefabs/Attachments/Accessories/Tatical Lights/Light_C_Left.prefab	Light_C_Left	1	1	1	StylizedToonWorldKit/Toon/Toon Lit	456	0.028	0.038	0.061	0	0	0	
ShotgunPack1	Assets/ThirdParty/Low Poly ShotGun Weapon Pack 1/Prefabs/Attachments/Accessories/Tatical Lights/Light_C_Right.prefab	Light_C_Right	1	1	1	StylizedToonWorldKit/Toon/Toon Lit	456	0.028	0.038	0.061	0	0	0	
ShotgunPack1	Assets/ThirdParty/Low Poly ShotGun Weapon Pack 1/Prefabs/Attachments/Accessories/Tatical Lights/Light_D_Left.prefab	Light_D_Left	1	1	1	StylizedToonWorldKit/Toon/Toon Lit	784	0.061	0.056	0.153	0	0	0	
ShotgunPack1	Assets/ThirdParty/Low Poly ShotGun Weapon Pack 1/Prefabs/Attachments/Accessories/Tatical Lights/Light_D_Right.prefab	Light_D_Right	1	1	1	StylizedToonWorldKit/Toon/Toon Lit	784	0.061	0.056	0.153	0	0	0	
ShotgunPack1	Assets/ThirdParty/Low Poly ShotGun Weapon Pack 1/Prefabs/Attachments/Barrels/Muzzles/Muzzle_Brake_A.prefab	Muzzle_Brake_A	1	1	1	StylizedToonWorldKit/Toon/Toon Lit	392	0.026	0.030	0.065	0	0	1	
ShotgunPack1	Assets/ThirdParty/Low Poly ShotGun Weapon Pack 1/Prefabs/Attachments/Barrels/Muzzles/Muzzle_Brake_B.prefab	Muzzle_Brake_B	1	1	1	StylizedToonWorldKit/Toon/Toon Lit	256	0.030	0.035	0.060	0	0	1	
ShotgunPack1	Assets/ThirdParty/Low Poly ShotGun Weapon Pack 1/Prefabs/Attachments/Barrels/Muzzles/Muzzle_Brake_C.prefab	Muzzle_Brake_C	1	1	1	StylizedToonWorldKit/Toon/Toon Lit	800	0.032	0.038	0.083	0	0	1	
ShotgunPack1	Assets/ThirdParty/Low Poly ShotGun Weapon Pack 1/Prefabs/Attachments/Barrels/Muzzles/Muzzle_Brake_D.prefab	Muzzle_Brake_D	1	1	1	StylizedToonWorldKit/Toon/Toon Lit	568	0.033	0.038	0.115	0	0	1	
ShotgunPack1	Assets/ThirdParty/Low Poly ShotGun Weapon Pack 1/Prefabs/Attachments/Barrels/Muzzles/Muzzle_Flash Hider_A.prefab	Muzzle_Flash Hider_A	1	1	1	StylizedToonWorldKit/Toon/Toon Lit	488	0.026	0.030	0.065	0	0	1	
ShotgunPack1	Assets/ThirdParty/Low Poly ShotGun Weapon Pack 1/Prefabs/Attachments/Barrels/Muzzles/Muzzle_Flash Hider_B.prefab	Muzzle_Flash Hider_B	1	1	1	StylizedToonWorldKit/Toon/Toon Lit	474	0.030	0.035	0.109	0	0	1	
ShotgunPack1	Assets/ThirdParty/Low Poly ShotGun Weapon Pack 1/Prefabs/Attachments/Barrels/Muzzles/Muzzle_Flash Hider_C.prefab	Muzzle_Flash Hider_C	1	1	1	StylizedToonWorldKit/Toon/Toon Lit	708	0.031	0.036	0.106	0	0	1	
ShotgunPack1	Assets/ThirdParty/Low Poly ShotGun Weapon Pack 1/Prefabs/Attachments/Barrels/Muzzles/Muzzle_Flash Hider_D.prefab	Muzzle_Flash Hider_D	1	1	1	StylizedToonWorldKit/Toon/Toon Lit	620	0.026	0.030	0.069	0	0	1	
ShotgunPack1	Assets/ThirdParty/Low Poly ShotGun Weapon Pack 1/Prefabs/Attachments/Barrels/Muzzles/Muzzle_ShotGun_Device_A.prefab	Muzzle_ShotGun_Device_A	1	1	1	StylizedToonWorldKit/Toon/Toon Lit	312	0.042	0.048	0.150	0	0	1	
ShotgunPack1	Assets/ThirdParty/Low Poly ShotGun Weapon Pack 1/Prefabs/Attachments/Barrels/Muzzles/Muzzle_ShotGun_Device_B.prefab	Muzzle_ShotGun_Device_B	1	1	1	StylizedToonWorldKit/Toon/Toon Lit	860	0.035	0.040	0.062	0	0	1	
ShotgunPack1	Assets/ThirdParty/Low Poly ShotGun Weapon Pack 1/Prefabs/Attachments/Barrels/Muzzles/Muzzle_ShotGun_Flash Hider_A.prefab	Muzzle_ShotGun_Flash Hider_A	1	1	1	StylizedToonWorldKit/Toon/Toon Lit	280	0.033	0.039	0.064	0	0	1	
ShotgunPack1	Assets/ThirdParty/Low Poly ShotGun Weapon Pack 1/Prefabs/Attachments/Barrels/Muzzles/Muzzle_ShotGun_Shoke_A.prefab	Muzzle_ShotGun_Shoke_A	1	1	1	StylizedToonWorldKit/Toon/Toon Lit	168	0.022	0.026	0.017	0	0	1	
ShotgunPack1	Assets/ThirdParty/Low Poly ShotGun Weapon Pack 1/Prefabs/Attachments/Barrels/Muzzles/Muzzle_ShotGun_Shoke_A_X2.prefab	Muzzle_ShotGun_Shoke_A_X2	1	1	1	StylizedToonWorldKit/Toon/Toon Lit	336	0.022	0.052	0.018	0	0	1	
ShotgunPack1	Assets/ThirdParty/Low Poly ShotGun Weapon Pack 1/Prefabs/Attachments/Barrels/Muzzles/Muzzle_ShotGun_Suppresor_A.prefab	Muzzle_ShotGun_Suppresor_A	1	1	1	StylizedToonWorldKit/Toon/Toon Lit	331	0.045	0.088	0.348	0	0	1	
ShotgunPack1	Assets/ThirdParty/Low Poly ShotGun Weapon Pack 1/Prefabs/Attachments/Barrels/Muzzles/Muzzle_Suppressor_A.prefab	Muzzle_Suppressor_A	1	1	1	StylizedToonWorldKit/Toon/Toon Lit	292	0.043	0.049	0.237	0	0	1	
ShotgunPack1	Assets/ThirdParty/Low Poly ShotGun Weapon Pack 1/Prefabs/Attachments/Barrels/Muzzles/Muzzle_Suppressor_B.prefab	Muzzle_Suppressor_B	1	1	1	StylizedToonWorldKit/Toon/Toon Lit	364	0.051	0.058	0.267	0	0	1	
ShotgunPack1	Assets/ThirdParty/Low Poly ShotGun Weapon Pack 1/Prefabs/Attachments/Barrels/Muzzles/Muzzle_Suppressor_C.prefab	Muzzle_Suppressor_C	1	1	1	StylizedToonWorldKit/Toon/Toon Lit	452	0.048	0.055	0.155	0	0	1	
ShotgunPack1	Assets/ThirdParty/Low Poly ShotGun Weapon Pack 1/Prefabs/Attachments/Barrels/Muzzles/Muzzle_Suppressor_D.prefab	Muzzle_Suppressor_D	1	1	1	StylizedToonWorldKit/Toon/Toon Lit	484	0.040	0.047	0.240	0	0	1	
ShotgunPack1	Assets/ThirdParty/Low Poly ShotGun Weapon Pack 1/Prefabs/Attachments/Barrels/Muzzles/Muzzle_Suppressor_E.prefab	Muzzle_Suppressor_E	1	1	1	StylizedToonWorldKit/Toon/Toon Lit	296	0.043	0.050	0.263	0	0	1	
ShotgunPack1	Assets/ThirdParty/Low Poly ShotGun Weapon Pack 1/Prefabs/Attachments/Optics/Optics/Optic_A.prefab	Optic_A	2	2	2	StylizedToonWorldKit/Surface/Glass|StylizedToonWorldKit/Toon/Toon Lit	524	0.045	0.066	0.076	1	0	0	Optic_A_Lens
ShotgunPack1	Assets/ThirdParty/Low Poly ShotGun Weapon Pack 1/Prefabs/Attachments/Optics/Optics/Optic_B.prefab	Optic_B	2	2	2	StylizedToonWorldKit/Surface/Glass|StylizedToonWorldKit/Toon/Toon Lit	606	0.050	0.088	0.130	1	0	0	Optic_B_Lens
ShotgunPack1	Assets/ThirdParty/Low Poly ShotGun Weapon Pack 1/Prefabs/Attachments/Optics/Optics/Optic_C.prefab	Optic_C	2	2	2	StylizedToonWorldKit/Surface/Glass|StylizedToonWorldKit/Toon/Toon Lit	932	0.064	0.124	0.202	1	0	0	Optic_C_Lens
ShotgunPack1	Assets/ThirdParty/Low Poly ShotGun Weapon Pack 1/Prefabs/Attachments/Optics/Optics/Optic_D.prefab	Optic_D	2	2	2	StylizedToonWorldKit/Surface/Glass|StylizedToonWorldKit/Toon/Toon Lit	786	0.051	0.090	0.160	1	0	0	Optic_D_Lens
ShotgunPack1	Assets/ThirdParty/Low Poly ShotGun Weapon Pack 1/Prefabs/Attachments/Optics/Optics/Optic_E.prefab	Optic_E	2	2	2	StylizedToonWorldKit/Surface/Glass|StylizedToonWorldKit/Toon/Toon Lit	858	0.060	0.086	0.088	1	0	0	Optic_E_Lens
ShotgunPack1	Assets/ThirdParty/Low Poly ShotGun Weapon Pack 1/Prefabs/Attachments/Optics/Optics/Optic_F.prefab	Optic_F	2	2	2	StylizedToonWorldKit/Surface/Glass|StylizedToonWorldKit/Toon/Toon Lit	858	0.055	0.103	0.090	1	0	0	Optic_F_Lens
ShotgunPack1	Assets/ThirdParty/Low Poly ShotGun Weapon Pack 1/Prefabs/Attachments/Optics/Optics/Optic_G.prefab	Optic_G	4	4	1	StylizedToonWorldKit/Toon/Toon Lit	932	0.057	0.071	0.044	4	0	0	Optic_G_Sight_Back,Optic_G_Sight_Back_Part,Optic_G_Sight_Forward,Optic_G_Sight_Forward_Part
ShotgunPack1	Assets/ThirdParty/Low Poly ShotGun Weapon Pack 1/Prefabs/Attachments/Optics/Optics/Optic_H.prefab	Optic_H	2	2	2	StylizedToonWorldKit/Surface/Glass|StylizedToonWorldKit/Toon/Toon Lit	1798	0.066	0.146	0.176	1	0	0	Optic_H_Lens
ShotgunPack1	Assets/ThirdParty/Low Poly ShotGun Weapon Pack 1/Prefabs/Attachments/Optics/Optics/Optic_I.prefab	Optic_I	2	2	2	StylizedToonWorldKit/Surface/Glass|StylizedToonWorldKit/Toon/Toon Lit	1220	0.060	0.092	0.118	1	0	0	Optic_I_Lens
ShotgunPack1	Assets/ThirdParty/Low Poly ShotGun Weapon Pack 1/Prefabs/Attachments/Optics/Optics/Optic_J.prefab	Optic_J	3	3	2	StylizedToonWorldKit/Surface/Glass|StylizedToonWorldKit/Toon/Toon Lit	2128	0.064	0.135	0.195	2	0	0	Optic_j_Lens_A,Optic_j_Lens_B
ShotgunPack1	Assets/ThirdParty/Low Poly ShotGun Weapon Pack 1/Prefabs/Attachments/Optics/Optics/Optic_K.prefab	Optic_K	2	2	2	StylizedToonWorldKit/Surface/Glass|StylizedToonWorldKit/Toon/Toon Lit	1220	0.067	0.124	0.210	1	0	0	Optic_K_Lens
ShotgunPack1	Assets/ThirdParty/Low Poly ShotGun Weapon Pack 1/Prefabs/Attachments/Optics/Optics/Optic_L.prefab	Optic_L	4	4	2	StylizedToonWorldKit/Surface/Glass|StylizedToonWorldKit/Toon/Toon Lit	2052	0.068	0.101	0.258	3	0	0	Optic_L_Lens,Optic_L_Part,Optic_L_Part_Lens
ShotgunPack1	Assets/ThirdParty/Low Poly ShotGun Weapon Pack 1/Prefabs/Attachments/UnderBarrels/ForwardGrips/ForwardGrip_A.prefab	ForwardGrip_A	1	1	1	StylizedToonWorldKit/Toon/Toon Lit	352	0.053	0.077	0.170	0	1	0	
ShotgunPack1	Assets/ThirdParty/Low Poly ShotGun Weapon Pack 1/Prefabs/Attachments/UnderBarrels/ForwardGrips/ForwardGrip_B.prefab	ForwardGrip_B	1	1	1	StylizedToonWorldKit/Toon/Toon Lit	284	0.050	0.105	0.067	0	1	0	
ShotgunPack1	Assets/ThirdParty/Low Poly ShotGun Weapon Pack 1/Prefabs/Attachments/UnderBarrels/ForwardGrips/ForwardGrip_C.prefab	ForwardGrip_C	1	1	1	StylizedToonWorldKit/Toon/Toon Lit	352	0.044	0.155	0.060	0	1	0	
ShotgunPack1	Assets/ThirdParty/Low Poly ShotGun Weapon Pack 1/Prefabs/Attachments/UnderBarrels/ForwardGrips/ForwardGrip_D.prefab	ForwardGrip_D	1	1	1	StylizedToonWorldKit/Toon/Toon Lit	624	0.045	0.115	0.070	0	1	0	
ShotgunPack1	Assets/ThirdParty/Low Poly ShotGun Weapon Pack 1/Prefabs/Attachments/UnderBarrels/ForwardGrips/ForwardGrip_E.prefab	ForwardGrip_E	1	1	1	StylizedToonWorldKit/Toon/Toon Lit	488	0.050	0.164	0.045	0	1	0	
ShotgunPack1	Assets/ThirdParty/Low Poly ShotGun Weapon Pack 1/Prefabs/Attachments/UnderBarrels/ForwardGrips/ForwardGrip_F.prefab	ForwardGrip_F	1	1	1	StylizedToonWorldKit/Toon/Toon Lit	450	0.050	0.070	0.128	0	1	0	
ShotgunPack1	Assets/ThirdParty/Low Poly ShotGun Weapon Pack 1/Prefabs/Attachments/UnderBarrels/ForwardGrips/ForwardGrip_G.prefab	ForwardGrip_G	1	1	1	StylizedToonWorldKit/Toon/Toon Lit	386	0.053	0.056	0.056	0	1	0	
ShotgunPack1	Assets/ThirdParty/Low Poly ShotGun Weapon Pack 1/Prefabs/Attachments/UnderBarrels/ForwardGrips/ForwardGrip_H.prefab	ForwardGrip_H	1	1	1	StylizedToonWorldKit/Toon/Toon Lit	532	0.048	0.118	0.063	0	1	0	
ShotgunPack1	Assets/ThirdParty/Low Poly ShotGun Weapon Pack 1/Prefabs/Attachments/UnderBarrels/ForwardGrips/ForwardGrip_I.prefab	ForwardGrip_I	1	1	1	StylizedToonWorldKit/Toon/Toon Lit	616	0.050	0.100	0.154	0	1	0	
ShotgunPack1	Assets/ThirdParty/Low Poly ShotGun Weapon Pack 1/Prefabs/Bullets/Bullet_A.prefab	Bullet_A	2	2	1	StylizedToonWorldKit/Toon/Toon Lit	172	0.012	0.014	0.074	1	0	0	Bullet_A_Part
ShotgunPack1	Assets/ThirdParty/Low Poly ShotGun Weapon Pack 1/Prefabs/Bullets/Bullet_B.prefab	Bullet_B	2	2	1	StylizedToonWorldKit/Toon/Toon Lit	268	0.012	0.014	0.072	1	0	0	Bullet_B_Part
ShotgunPack1	Assets/ThirdParty/Low Poly ShotGun Weapon Pack 1/Prefabs/Bullets/Bullet_C.prefab	Bullet_C	2	2	1	StylizedToonWorldKit/Toon/Toon Lit	196	0.012	0.014	0.075	1	0	0	Bullet_C_Part
ShotgunPack1	Assets/ThirdParty/Low Poly ShotGun Weapon Pack 1/Prefabs/Bullets/Bullet_ShotGun_A.prefab	Bullet_ShotGun_A	1	1	1	StylizedToonWorldKit/Toon/Toon Lit	164	0.024	0.028	0.081	0	0	0	
ShotgunPack1	Assets/ThirdParty/Low Poly ShotGun Weapon Pack 1/Prefabs/Bullets/Bullet_ShotGun_B.prefab	Bullet_ShotGun_B	1	1	1	StylizedToonWorldKit/Toon/Toon Lit	188	0.024	0.028	0.081	0	0	0	
ShotgunPack1	Assets/ThirdParty/Low Poly ShotGun Weapon Pack 1/Prefabs/Bullets/Bullet_ShotGun_C.prefab	Bullet_ShotGun_C	1	1	1	StylizedToonWorldKit/Toon/Toon Lit	476	0.024	0.028	0.081	0	0	0	
ShotgunPack1	Assets/ThirdParty/Low Poly ShotGun Weapon Pack 1/Prefabs/Weapons/AR_A_1.prefab	AR_A_1	12	12	1	StylizedToonWorldKit/Toon/Toon Lit	8104	0.096	0.331	0.629	15	3	1	AR_A_Barrel,AR_A_BarrelGuard,AR_A_BarrelGuard_Rail,AR_A_Bolt,AR_A_Grip,AR_A_Mag
ShotgunPack1	Assets/ThirdParty/Low Poly ShotGun Weapon Pack 1/Prefabs/Weapons/AR_A_2.prefab	AR_A_2	11	11	1	StylizedToonWorldKit/Toon/Toon Lit	6978	0.093	0.237	0.761	11	1	0	AR_A_Barrel_2,AR_A_BarrelGuard_2,AR_A_Bolt,AR_A_Grip,AR_A_Mag_2,AR_A_Rail
ShotgunPack1	Assets/ThirdParty/Low Poly ShotGun Weapon Pack 1/Prefabs/Weapons/AR_B.prefab	AR_B	9	9	1	StylizedToonWorldKit/Toon/Toon Lit	5620	0.100	0.271	0.537	12	3	1	AR_B_Barrel,AR_B_BarrelGuard,AR_B_Bolt,AR_B_Grip,AR_B_Mag,AR_B_Rail
ShotgunPack1	Assets/ThirdParty/Low Poly ShotGun Weapon Pack 1/Prefabs/Weapons/AR_C.prefab	AR_C	13	13	1	StylizedToonWorldKit/Toon/Toon Lit	7602	0.104	0.243	0.636	16	3	1	AR_C_Barrel,AR_C_Sight_Forward,AR_C_Bolt,AR_C_Grip,AR_C_Mag,AR_C_Rail
ShotgunPack1	Assets/ThirdParty/Low Poly ShotGun Weapon Pack 1/Prefabs/Weapons/AR_D.prefab	AR_D	12	12	1	StylizedToonWorldKit/Toon/Toon Lit	6348	0.078	0.268	0.605	15	2	1	AR_D_Barrel,AR_D_BarrelGuard,AR_D_BarrelGuard_Rail,AR_D_Bolt,AR_D_Bolt_Part,AR_D_Mag
ShotgunPack1	Assets/ThirdParty/Low Poly ShotGun Weapon Pack 1/Prefabs/Weapons/AR_E.prefab	AR_E	6	6	1	StylizedToonWorldKit/Toon/Toon Lit	3664	0.072	0.334	0.862	9	2	1	AR_E_Barrel,AR_E_Bolt,AR_E_Mag,AR_E_Rail,AR_E_Receiver,AR_E_Trigger
ShotgunPack1	Assets/ThirdParty/Low Poly ShotGun Weapon Pack 1/Prefabs/Weapons/ShotGun_A.prefab	ShotGun_A	10	10	1	StylizedToonWorldKit/Toon/Toon Lit	4506	0.059	0.304	0.867	13	3	1	ShotGun_A_Barrel,ShotGun_A_Bolt,ShotGun_A_Grip,ShotGun_A_Mag,ShotGun_A_Rail,ShotGun_A_Receiver
ShotgunPack1	Assets/ThirdParty/Low Poly ShotGun Weapon Pack 1/Prefabs/Weapons/ShotGun_B.prefab	ShotGun_B	9	9	1	StylizedToonWorldKit/Toon/Toon Lit	2964	0.070	0.184	0.626	12	2	1	ShotGun_B_Barrel,ShotGun_B_BarrelGuard,ShotGun_B_Mag,ShotGun_B_Rail,ShotGun_B_Receiver,ShotGun_B_Sight_Back
ShotgunPack1	Assets/ThirdParty/Low Poly ShotGun Weapon Pack 1/Prefabs/Weapons/ShotGun_C.prefab	ShotGun_C	12	12	1	StylizedToonWorldKit/Toon/Toon Lit	4532	0.077	0.199	0.595	15	3	1	ShotGun_C_Barrel,ShotGun_C_BarrelGuard,ShotGun_C_Bolt,ShotGun_C_Grip,ShotGun_C_Mag,ShotGun_C_Rail
ShotgunPack1	Assets/ThirdParty/Low Poly ShotGun Weapon Pack 1/Prefabs/Weapons/ShotGun_D.prefab	ShotGun_D	11	11	1	StylizedToonWorldKit/Toon/Toon Lit	4070	0.086	0.241	0.560	14	3	1	ShotGun_D_Barrel,ShotGun_D_BarrelGuard,ShotGun_D_BarrelGuard_Rail,ShotGun_D_Bolt,ShotGun_D_Grip,ShotGun_D_Mag
ShotgunPack1	Assets/ThirdParty/Low Poly ShotGun Weapon Pack 1/Prefabs/Weapons/ShotGun_E.prefab	ShotGun_E	6	6	1	StylizedToonWorldKit/Toon/Toon Lit	2262	0.065	0.235	1.162	9	2	1	ShotGun_E_Barrel,ShotGun_E_BarrelGuard,ShotGun_E_Bolt,ShotGun_E_Rail,ShotGun_E_Receiver,ShotGun_E_Trigger
MW4	Assets/ThirdParty/Low Poly Weapon Pack 4_MW_1/Prefabs/Attachments/Barrels/Muzzles/Muzzle_Brake_J.prefab	Muzzle_Brake_J	1	1	1	Universal Render Pipeline/Lit	874	0.038	0.054	0.109	0	0	1	
MW4	Assets/ThirdParty/Low Poly Weapon Pack 4_MW_1/Prefabs/Attachments/Barrels/Muzzles/Muzzle_Suppressor_L.prefab	Muzzle_Suppressor_L	1	1	1	Universal Render Pipeline/Lit	2464	0.043	0.050	0.252	0	0	1	
MW4	Assets/ThirdParty/Low Poly Weapon Pack 4_MW_1/Prefabs/Attachments/Barrels/Muzzles/Muzzle_Suppressor_L_Sand.prefab	Muzzle_Suppressor_L_Sand	1	1	1	Universal Render Pipeline/Lit	2464	0.043	0.050	0.252	0	0	1	
MW4	Assets/ThirdParty/Low Poly Weapon Pack 4_MW_1/Prefabs/Attachments/Barrels/Muzzles_Recon/Muzzle_Recon_Brake_D.prefab	Muzzle_Recon_Brake_D	1	1	1	Universal Render Pipeline/Lit	1044	0.033	0.039	0.131	0	0	1	
MW4	Assets/ThirdParty/Low Poly Weapon Pack 4_MW_1/Prefabs/Attachments/Mags/Mag_A.prefab	Mag_A	1	1	1	Universal Render Pipeline/Lit	3152	0.048	0.266	0.116	0	0	0	
MW4	Assets/ThirdParty/Low Poly Weapon Pack 4_MW_1/Prefabs/Attachments/Mags/Mag_A_Sand.prefab	Mag_A_Sand	1	1	1	Universal Render Pipeline/Lit	3152	0.048	0.266	0.116	0	0	0	
MW4	Assets/ThirdParty/Low Poly Weapon Pack 4_MW_1/Prefabs/Attachments/Mags/Mag_B.prefab	Mag_B	1	1	1	Universal Render Pipeline/Lit	2186	0.050	0.260	0.119	0	0	0	
MW4	Assets/ThirdParty/Low Poly Weapon Pack 4_MW_1/Prefabs/Attachments/Mags/Mag_B_Sand.prefab	Mag_B_Sand	1	1	1	Universal Render Pipeline/Lit	2186	0.050	0.260	0.119	0	0	0	
MW4	Assets/ThirdParty/Low Poly Weapon Pack 4_MW_1/Prefabs/Attachments/Mags/Mag_C.prefab	Mag_C	1	1	1	Universal Render Pipeline/Lit	1946	0.046	0.267	0.129	0	0	0	
MW4	Assets/ThirdParty/Low Poly Weapon Pack 4_MW_1/Prefabs/Attachments/Mags/Mag_C_Sand.prefab	Mag_C_Sand	1	1	1	Universal Render Pipeline/Lit	1946	0.046	0.267	0.129	0	0	0	
MW4	Assets/ThirdParty/Low Poly Weapon Pack 4_MW_1/Prefabs/Attachments/Optics/Optics/Optic_AQ.prefab	Optic_AQ	2	2	2	Universal Render Pipeline/Lit	3022	0.061	0.110	0.121	1	0	0	Optic_AQ_Lens
MW4	Assets/ThirdParty/Low Poly Weapon Pack 4_MW_1/Prefabs/Attachments/Optics/Optics_Recon/Optic_Recon_T.prefab	Optic_Recon_T	2	2	2	Universal Render Pipeline/Lit	3866	0.075	0.145	0.398	1	0	0	Optic_Recon_T_Lens
MW4	Assets/ThirdParty/Low Poly Weapon Pack 4_MW_1/Prefabs/Attachments/UnderBarrels/GrenadeLaunchers/GrenadeLauncher_C.prefab	GrenadeLauncher_C	6	6	1	Universal Render Pipeline/Lit	7416	0.096	0.217	0.486	5	0	0	GrenadeLauncher_C_Barrel,GrenadeLauncher_C_Sight,GrenadeLauncher_C_Sight_Back,GrenadeLauncher_C_Sight_Front,GrenadeLauncher_C_Trigger
MW4	Assets/ThirdParty/Low Poly Weapon Pack 4_MW_1/Prefabs/Attachments/UnderBarrels/GrenadeLaunchers/GrenadeLauncher_C_Sand.prefab	GrenadeLauncher_C_Sand	6	6	1	Universal Render Pipeline/Lit	7416	0.096	0.217	0.486	5	0	0	GrenadeLauncher_C_Barrel_Sand,GrenadeLauncher_C_Sight_Sand,GrenadeLauncher_C_Sight_Back_Sand,GrenadeLauncher_C_Sight_Front_Sand,GrenadeLauncher_C_Trigger_Sand
MW4	Assets/ThirdParty/Low Poly Weapon Pack 4_MW_1/Prefabs/Bullets/Bullets/Bullet_F.prefab	Bullet_F	2	2	1	Universal Render Pipeline/Lit	352	0.012	0.014	0.074	1	0	0	Bullet_F_Part
MW4	Assets/ThirdParty/Low Poly Weapon Pack 4_MW_1/Prefabs/Bullets/Bullets/Bullets_PreSet/Bullets_F.prefab	Bullets_F	6	6	1	Universal Render Pipeline/Lit	1056	0.012	0.014	0.074	6	0	0	Bullet_F,Bullet_F_Part,Bullet_F (1),Bullet_F_Part,Bullet_F (2),Bullet_F_Part
MW4	Assets/ThirdParty/Low Poly Weapon Pack 4_MW_1/Prefabs/Bullets/Bullets_Pistol/Bullet_Pistol_F.prefab	Bullet_Pistol_F	2	2	1	Universal Render Pipeline/Lit	340	0.012	0.013	0.032	1	0	0	Bullet_Pistol_F_Part
MW4	Assets/ThirdParty/Low Poly Weapon Pack 4_MW_1/Prefabs/Bullets/Bullets_Pistol/Bullets_Pistol_PreSet/Bullets_Pistol_F.prefab	Bullets_Pistol_F	6	6	1	Universal Render Pipeline/Lit	1020	0.012	0.013	0.032	6	0	0	Bullet_Pistol_F,Bullet_Pistol_F_Part,Bullet_Pistol_F (1),Bullet_Pistol_F_Part,Bullet_Pistol_F (2),Bullet_Pistol_F_Part
MW4	Assets/ThirdParty/Low Poly Weapon Pack 4_MW_1/Prefabs/Bullets/Bullets_Recon/Bullet_Recon_F.prefab	Bullet_Recon_F	2	2	1	Universal Render Pipeline/Lit	400	0.018	0.021	0.103	1	0	0	Bullet_Recon_F_Part
MW4	Assets/ThirdParty/Low Poly Weapon Pack 4_MW_1/Prefabs/Bullets/Bullets_Recon/Bullets_Recon_PreSet/Bullets_Recon_F.prefab	Bullets_Recon_F	6	6	1	Universal Render Pipeline/Lit	1200	0.018	0.021	0.103	6	0	0	Bullet_Recon_F,Bullet_Recon_F_Part,Bullet_Recon_F (1),Bullet_Recon_F_Part,Bullet_Recon_F (2),Bullet_Recon_F_Part
MW4	Assets/ThirdParty/Low Poly Weapon Pack 4_MW_1/Prefabs/Bullets/Bullets_SMG/Bullet_SMG_F.prefab	Bullet_SMG_F	2	2	1	Universal Render Pipeline/Lit	292	0.013	0.015	0.033	1	0	0	Bullet_SMG_F_Part
MW4	Assets/ThirdParty/Low Poly Weapon Pack 4_MW_1/Prefabs/Bullets/Bullets_SMG/Bullets_SMG_PreSet/Bullets_SMG_F.prefab	Bullets_SMG_F	6	6	1	Universal Render Pipeline/Lit	876	0.013	0.015	0.033	6	0	0	Bullet_SMG_F,Bullet_SMG_F_Part,Bullet_SMG_F (1),Bullet_SMG_F_Part,Bullet_SMG_F (2),Bullet_SMG_F_Part
MW4	Assets/ThirdParty/Low Poly Weapon Pack 4_MW_1/Prefabs/Items/MW_Dogtag_A.prefab	MW_Dogtag_A	2	2	1	Universal Render Pipeline/Lit	3818	0.123	0.050	0.147	1	0	0	MW_Dogtag_A_Ring
MW4	Assets/ThirdParty/Low Poly Weapon Pack 4_MW_1/Prefabs/Previous/Attachments/Accessories/Accessories_Pistol/Rails_Pistol/Rail_Pistol_A.prefab	Rail_Pistol_A	1	1	1	Universal Render Pipeline/Lit	140	0.025	0.010	0.057	0	0	0	
MW4	Assets/ThirdParty/Low Poly Weapon Pack 4_MW_1/Prefabs/Previous/Attachments/Accessories/Accessories_Pistol/Rails_Pistol/Rail_Pistol_B.prefab	Rail_Pistol_B	1	1	1	Universal Render Pipeline/Lit	140	0.025	0.010	0.057	0	0	0	
MW4	Assets/ThirdParty/Low Poly Weapon Pack 4_MW_1/Prefabs/Previous/Attachments/Accessories/Accessories_Pistol/Tatical Lasers_Pistol/Laser_Pistol_A.prefab	Laser_Pistol_A	1	1	1	Universal Render Pipeline/Lit	548	0.032	0.038	0.085	0	0	0	
MW4	Assets/ThirdParty/Low Poly Weapon Pack 4_MW_1/Prefabs/Previous/Attachments/Accessories/Accessories_Pistol/Tatical Lasers_Pistol/Laser_Pistol_B.prefab	Laser_Pistol_B	1	1	1	Universal Render Pipeline/Lit	756	0.043	0.051	0.088	0	0	0	
MW4	Assets/ThirdParty/Low Poly Weapon Pack 4_MW_1/Prefabs/Previous/Attachments/Accessories/Accessories_Pistol/Tatical Lights_Pistol/Light_Pistol_A.prefab	Light_Pistol_A	1	1	1	Universal Render Pipeline/Lit	584	0.036	0.047	0.165	0	0	0	
MW4	Assets/ThirdParty/Low Poly Weapon Pack 4_MW_1/Prefabs/Previous/Attachments/Accessories/Accessories_Pistol/Tatical Lights_Pistol/Light_Pistol_B.prefab	Light_Pistol_B	1	1	1	Universal Render Pipeline/Lit	544	0.039	0.048	0.108	0	0	0	
MW4	Assets/ThirdParty/Low Poly Weapon Pack 4_MW_1/Prefabs/Previous/Attachments/Accessories/BarrelGuard_Chips/BarrelGuard_Chips_A/BarrelGuard_Chip_A_Down.prefab	BarrelGuard_Chip_A_Down	1	1	1	Universal Render Pipeline/Lit	372	0.053	0.015	0.150	0	0	0	
MW4	Assets/ThirdParty/Low Poly Weapon Pack 4_MW_1/Prefabs/Previous/Attachments/Accessories/BarrelGuard_Chips/BarrelGuard_Chips_A/BarrelGuard_Chip_A_Left.prefab	BarrelGuard_Chip_A_Left	1	1	1	Universal Render Pipeline/Lit	372	0.015	0.053	0.150	0	0	0	
MW4	Assets/ThirdParty/Low Poly Weapon Pack 4_MW_1/Prefabs/Previous/Attachments/Accessories/BarrelGuard_Chips/BarrelGuard_Chips_A/BarrelGuard_Chip_A_Right.prefab	BarrelGuard_Chip_A_Right	1	1	1	Universal Render Pipeline/Lit	372	0.015	0.053	0.150	0	0	0	
MW4	Assets/ThirdParty/Low Poly Weapon Pack 4_MW_1/Prefabs/Previous/Attachments/Accessories/BarrelGuard_Chips/BarrelGuard_Chips_A/BarrelGuard_Chip_A_Up.prefab	BarrelGuard_Chip_A_Up	1	1	1	Universal Render Pipeline/Lit	372	0.053	0.015	0.150	0	0	0	
MW4	Assets/ThirdParty/Low Poly Weapon Pack 4_MW_1/Prefabs/Previous/Attachments/Accessories/BarrelGuard_Chips/BarrelGuard_Chips_B/BarrelGuard_Chip_B_Down.prefab	BarrelGuard_Chip_B_Down	1	1	1	Universal Render Pipeline/Lit	744	0.053	0.015	0.150	0	0	0	
MW4	Assets/ThirdParty/Low Poly Weapon Pack 4_MW_1/Prefabs/Previous/Attachments/Accessories/BarrelGuard_Chips/BarrelGuard_Chips_B/BarrelGuard_Chip_B_Left.prefab	BarrelGuard_Chip_B_Left	1	1	1	Universal Render Pipeline/Lit	744	0.015	0.053	0.150	0	0	0	
MW4	Assets/ThirdParty/Low Poly Weapon Pack 4_MW_1/Prefabs/Previous/Attachments/Accessories/BarrelGuard_Chips/BarrelGuard_Chips_B/BarrelGuard_Chip_B_Right.prefab	BarrelGuard_Chip_B_Right	1	1	1	Universal Render Pipeline/Lit	744	0.015	0.053	0.150	0	0	0	
MW4	Assets/ThirdParty/Low Poly Weapon Pack 4_MW_1/Prefabs/Previous/Attachments/Accessories/BarrelGuard_Chips/BarrelGuard_Chips_B/BarrelGuard_Chip_B_Up.prefab	BarrelGuard_Chip_B_Up	1	1	1	Universal Render Pipeline/Lit	744	0.053	0.015	0.150	0	0	0	
MW4	Assets/ThirdParty/Low Poly Weapon Pack 4_MW_1/Prefabs/Previous/Attachments/Accessories/BarrelGuard_Chips/BarrelGuard_Chips_C/BarrelGuard_Chip_C_Down.prefab	BarrelGuard_Chip_C_Down	1	1	1	Universal Render Pipeline/Lit	1252	0.053	0.018	0.150	0	0	0	
MW4	Assets/ThirdParty/Low Poly Weapon Pack 4_MW_1/Prefabs/Previous/Attachments/Accessories/BarrelGuard_Chips/BarrelGuard_Chips_C/BarrelGuard_Chip_C_Left.prefab	BarrelGuard_Chip_C_Left	1	1	1	Universal Render Pipeline/Lit	1252	0.018	0.053	0.150	0	0	0	
MW4	Assets/ThirdParty/Low Poly Weapon Pack 4_MW_1/Prefabs/Previous/Attachments/Accessories/BarrelGuard_Chips/BarrelGuard_Chips_C/BarrelGuard_Chip_C_Right.prefab	BarrelGuard_Chip_C_Right	1	1	1	Universal Render Pipeline/Lit	1252	0.018	0.053	0.150	0	0	0	
MW4	Assets/ThirdParty/Low Poly Weapon Pack 4_MW_1/Prefabs/Previous/Attachments/Accessories/BarrelGuard_Chips/BarrelGuard_Chips_C/BarrelGuard_Chip_C_Up.prefab	BarrelGuard_Chip_C_Up	1	1	1	Universal Render Pipeline/Lit	1252	0.053	0.018	0.150	0	0	0	
MW4	Assets/ThirdParty/Low Poly Weapon Pack 4_MW_1/Prefabs/Previous/Attachments/Accessories/Equipments/Distance Measuring Equipment.prefab	Distance Measuring Equipment	1	1	1	Universal Render Pipeline/Lit	788	0.051	0.081	0.034	0	0	0	
MW4	Assets/ThirdParty/Low Poly Weapon Pack 4_MW_1/Prefabs/Previous/Attachments/Accessories/Equipments/HeartBeat Sensor.prefab	HeartBeat Sensor	1	1	1	Universal Render Pipeline/Lit	1010	0.115	0.091	0.030	0	0	0	
MW4	Assets/ThirdParty/Low Poly Weapon Pack 4_MW_1/Prefabs/Previous/Attachments/Accessories/Rail_Risers/Rail_Riser_A.prefab	Rail_Riser_A	1	1	1	Universal Render Pipeline/Lit	588	0.055	0.034	0.120	0	0	0	
MW4	Assets/ThirdParty/Low Poly Weapon Pack 4_MW_1/Prefabs/Previous/Attachments/Accessories/Rail_Risers/Rail_Riser_B.prefab	Rail_Riser_B	1	1	1	Universal Render Pipeline/Lit	806	0.055	0.036	0.188	0	0	0	
MW4	Assets/ThirdParty/Low Poly Weapon Pack 4_MW_1/Prefabs/Previous/Attachments/Accessories/Rails/Rails_A/Rail_A_Down.prefab	Rail_A_Down	1	1	1	Universal Render Pipeline/Lit	184	0.033	0.012	0.138	0	0	0	
MW4	Assets/ThirdParty/Low Poly Weapon Pack 4_MW_1/Prefabs/Previous/Attachments/Accessories/Rails/Rails_A/Rail_A_Down_Sand.prefab	Rail_A_Down_Sand	1	1	1	Universal Render Pipeline/Lit	184	0.033	0.012	0.138	0	0	0	
MW4	Assets/ThirdParty/Low Poly Weapon Pack 4_MW_1/Prefabs/Previous/Attachments/Accessories/Rails/Rails_A/Rail_A_Left.prefab	Rail_A_Left	1	1	1	Universal Render Pipeline/Lit	184	0.012	0.033	0.138	0	0	0	
MW4	Assets/ThirdParty/Low Poly Weapon Pack 4_MW_1/Prefabs/Previous/Attachments/Accessories/Rails/Rails_A/Rail_A_Left_Sand.prefab	Rail_A_Left_Sand	1	1	1	Universal Render Pipeline/Lit	184	0.012	0.033	0.138	0	0	0	
MW4	Assets/ThirdParty/Low Poly Weapon Pack 4_MW_1/Prefabs/Previous/Attachments/Accessories/Rails/Rails_A/Rail_A_Right.prefab	Rail_A_Right	1	1	1	Universal Render Pipeline/Lit	184	0.012	0.033	0.138	0	0	0	
MW4	Assets/ThirdParty/Low Poly Weapon Pack 4_MW_1/Prefabs/Previous/Attachments/Accessories/Rails/Rails_A/Rail_A_Right_Sand.prefab	Rail_A_Right_Sand	1	1	1	Universal Render Pipeline/Lit	184	0.012	0.033	0.138	0	0	0	
MW4	Assets/ThirdParty/Low Poly Weapon Pack 4_MW_1/Prefabs/Previous/Attachments/Accessories/Rails/Rails_A/Rail_A_Up.prefab	Rail_A_Up	1	1	1	Universal Render Pipeline/Lit	184	0.033	0.012	0.138	0	0	0	
MW4	Assets/ThirdParty/Low Poly Weapon Pack 4_MW_1/Prefabs/Previous/Attachments/Accessories/Rails/Rails_A/Rail_A_Up_Sand.prefab	Rail_A_Up_Sand	1	1	1	Universal Render Pipeline/Lit	184	0.033	0.012	0.138	0	0	0	
MW4	Assets/ThirdParty/Low Poly Weapon Pack 4_MW_1/Prefabs/Previous/Attachments/Accessories/Rails/Rails_B/Rail_B_Down.prefab	Rail_B_Down	1	1	1	Universal Render Pipeline/Lit	328	0.033	0.012	0.138	0	0	0	
MW4	Assets/ThirdParty/Low Poly Weapon Pack 4_MW_1/Prefabs/Previous/Attachments/Accessories/Rails/Rails_B/Rail_B_Down_Sand.prefab	Rail_B_Down_Sand	1	1	1	Universal Render Pipeline/Lit	328	0.033	0.012	0.138	0	0	0	
MW4	Assets/ThirdParty/Low Poly Weapon Pack 4_MW_1/Prefabs/Previous/Attachments/Accessories/Rails/Rails_B/Rail_B_Left.prefab	Rail_B_Left	1	1	1	Universal Render Pipeline/Lit	328	0.012	0.033	0.138	0	0	0	
MW4	Assets/ThirdParty/Low Poly Weapon Pack 4_MW_1/Prefabs/Previous/Attachments/Accessories/Rails/Rails_B/Rail_B_Left_Sand.prefab	Rail_B_Left_Sand	1	1	1	Universal Render Pipeline/Lit	328	0.012	0.033	0.138	0	0	0	
MW4	Assets/ThirdParty/Low Poly Weapon Pack 4_MW_1/Prefabs/Previous/Attachments/Accessories/Rails/Rails_B/Rail_B_Right.prefab	Rail_B_Right	1	1	1	Universal Render Pipeline/Lit	328	0.012	0.033	0.138	0	0	0	
MW4	Assets/ThirdParty/Low Poly Weapon Pack 4_MW_1/Prefabs/Previous/Attachments/Accessories/Rails/Rails_B/Rail_B_Right_Sand.prefab	Rail_B_Right_Sand	1	1	1	Universal Render Pipeline/Lit	328	0.012	0.033	0.138	0	0	0	
MW4	Assets/ThirdParty/Low Poly Weapon Pack 4_MW_1/Prefabs/Previous/Attachments/Accessories/Rails/Rails_B/Rail_B_Up.prefab	Rail_B_Up	1	1	1	Universal Render Pipeline/Lit	328	0.033	0.012	0.138	0	0	0	
MW4	Assets/ThirdParty/Low Poly Weapon Pack 4_MW_1/Prefabs/Previous/Attachments/Accessories/Rails/Rails_B/Rail_B_Up_Sand.prefab	Rail_B_Up_Sand	1	1	1	Universal Render Pipeline/Lit	328	0.033	0.012	0.138	0	0	0	
MW4	Assets/ThirdParty/Low Poly Weapon Pack 4_MW_1/Prefabs/Previous/Attachments/Accessories/Rails/Rails_C/Rail_C_Down.prefab	Rail_C_Down	1	1	1	Universal Render Pipeline/Lit	264	0.033	0.012	0.138	0	0	0	
MW4	Assets/ThirdParty/Low Poly Weapon Pack 4_MW_1/Prefabs/Previous/Attachments/Accessories/Rails/Rails_C/Rail_C_Down_Sand.prefab	Rail_C_Down_Sand	1	1	1	Universal Render Pipeline/Lit	264	0.033	0.012	0.138	0	0	0	
MW4	Assets/ThirdParty/Low Poly Weapon Pack 4_MW_1/Prefabs/Previous/Attachments/Accessories/Rails/Rails_C/Rail_C_Left.prefab	Rail_C_Left	1	1	1	Universal Render Pipeline/Lit	264	0.012	0.033	0.138	0	0	0	
MW4	Assets/ThirdParty/Low Poly Weapon Pack 4_MW_1/Prefabs/Previous/Attachments/Accessories/Rails/Rails_C/Rail_C_Left_Sand.prefab	Rail_C_Left_Sand	1	1	1	Universal Render Pipeline/Lit	264	0.012	0.033	0.138	0	0	0	
MW4	Assets/ThirdParty/Low Poly Weapon Pack 4_MW_1/Prefabs/Previous/Attachments/Accessories/Rails/Rails_C/Rail_C_Right.prefab	Rail_C_Right	1	1	1	Universal Render Pipeline/Lit	264	0.012	0.033	0.138	0	0	0	
MW4	Assets/ThirdParty/Low Poly Weapon Pack 4_MW_1/Prefabs/Previous/Attachments/Accessories/Rails/Rails_C/Rail_C_Right_Sand.prefab	Rail_C_Right_Sand	1	1	1	Universal Render Pipeline/Lit	264	0.012	0.033	0.138	0	0	0	
MW4	Assets/ThirdParty/Low Poly Weapon Pack 4_MW_1/Prefabs/Previous/Attachments/Accessories/Rails/Rails_C/Rail_C_Up.prefab	Rail_C_Up	1	1	1	Universal Render Pipeline/Lit	264	0.033	0.012	0.138	0	0	0	
MW4	Assets/ThirdParty/Low Poly Weapon Pack 4_MW_1/Prefabs/Previous/Attachments/Accessories/Rails/Rails_C/Rail_C_Up_Sand.prefab	Rail_C_Up_Sand	1	1	1	Universal Render Pipeline/Lit	264	0.033	0.012	0.138	0	0	0	
MW4	Assets/ThirdParty/Low Poly Weapon Pack 4_MW_1/Prefabs/Previous/Attachments/Accessories/Tatical Lasers/Laser_A_Left.prefab	Laser_A_Left	1	1	1	Universal Render Pipeline/Lit	1312	0.042	0.068	0.126	0	0	0	
MW4	Assets/ThirdParty/Low Poly Weapon Pack 4_MW_1/Prefabs/Previous/Attachments/Accessories/Tatical Lasers/Laser_A_Right.prefab	Laser_A_Right	1	1	1	Universal Render Pipeline/Lit	1312	0.042	0.068	0.126	0	0	0	
MW4	Assets/ThirdParty/Low Poly Weapon Pack 4_MW_1/Prefabs/Previous/Attachments/Accessories/Tatical Lasers/Laser_B_Left.prefab	Laser_B_Left	1	1	1	Universal Render Pipeline/Lit	1982	0.040	0.073	0.131	0	0	0	
MW4	Assets/ThirdParty/Low Poly Weapon Pack 4_MW_1/Prefabs/Previous/Attachments/Accessories/Tatical Lasers/Laser_B_Right.prefab	Laser_B_Right	1	1	1	Universal Render Pipeline/Lit	1982	0.040	0.073	0.131	0	0	0	
MW4	Assets/ThirdParty/Low Poly Weapon Pack 4_MW_1/Prefabs/Previous/Attachments/Accessories/Tatical Lasers/Laser_C_Left.prefab	Laser_C_Left	1	1	1	Universal Render Pipeline/Lit	718	0.034	0.078	0.101	0	0	0	
MW4	Assets/ThirdParty/Low Poly Weapon Pack 4_MW_1/Prefabs/Previous/Attachments/Accessories/Tatical Lasers/Laser_C_Right.prefab	Laser_C_Right	1	1	1	Universal Render Pipeline/Lit	718	0.034	0.078	0.101	0	0	0	
MW4	Assets/ThirdParty/Low Poly Weapon Pack 4_MW_1/Prefabs/Previous/Attachments/Accessories/Tatical Lasers/Laser_D_Left.prefab	Laser_D_Left	1	1	1	Universal Render Pipeline/Lit	796	0.041	0.075	0.125	0	0	0	
MW4	Assets/ThirdParty/Low Poly Weapon Pack 4_MW_1/Prefabs/Previous/Attachments/Accessories/Tatical Lasers/Laser_D_Right.prefab	Laser_D_Right	1	1	1	Universal Render Pipeline/Lit	796	0.041	0.075	0.125	0	0	0	
MW4	Assets/ThirdParty/Low Poly Weapon Pack 4_MW_1/Prefabs/Previous/Attachments/Accessories/Tatical Lasers/Laser_E_Left.prefab	Laser_E_Left	1	1	1	Universal Render Pipeline/Lit	878	0.044	0.070	0.114	0	0	0	
MW4	Assets/ThirdParty/Low Poly Weapon Pack 4_MW_1/Prefabs/Previous/Attachments/Accessories/Tatical Lasers/Laser_E_Right.prefab	Laser_E_Right	1	1	1	Universal Render Pipeline/Lit	878	0.044	0.070	0.114	0	0	0	
MW4	Assets/ThirdParty/Low Poly Weapon Pack 4_MW_1/Prefabs/Previous/Attachments/Accessories/Tatical Lasers/Laser_F_Left.prefab	Laser_F_Left	1	1	1	Universal Render Pipeline/Lit	1126	0.038	0.070	0.123	0	0	0	
MW4	Assets/ThirdParty/Low Poly Weapon Pack 4_MW_1/Prefabs/Previous/Attachments/Accessories/Tatical Lasers/Laser_F_Right.prefab	Laser_F_Right	1	1	1	Universal Render Pipeline/Lit	1126	0.038	0.070	0.123	0	0	0	
MW4	Assets/ThirdParty/Low Poly Weapon Pack 4_MW_1/Prefabs/Previous/Attachments/Accessories/Tatical Lasers/Laser_G_Left.prefab	Laser_G_Left	1	1	1	Universal Render Pipeline/Lit	780	0.034	0.063	0.102	0	0	0	
MW4	Assets/ThirdParty/Low Poly Weapon Pack 4_MW_1/Prefabs/Previous/Attachments/Accessories/Tatical Lasers/Laser_G_Right.prefab	Laser_G_Right	1	1	1	Universal Render Pipeline/Lit	780	0.034	0.063	0.102	0	0	0	
MW4	Assets/ThirdParty/Low Poly Weapon Pack 4_MW_1/Prefabs/Previous/Attachments/Accessories/Tatical Lasers/Laser_H_Left.prefab	Laser_H_Left	1	1	1	Universal Render Pipeline/Lit	1406	0.042	0.065	0.134	0	0	0	
MW4	Assets/ThirdParty/Low Poly Weapon Pack 4_MW_1/Prefabs/Previous/Attachments/Accessories/Tatical Lasers/Laser_H_Right.prefab	Laser_H_Right	1	1	1	Universal Render Pipeline/Lit	1406	0.042	0.065	0.134	0	0	0	
MW4	Assets/ThirdParty/Low Poly Weapon Pack 4_MW_1/Prefabs/Previous/Attachments/Accessories/Tatical Lights/Light_A_Left.prefab	Light_A_Left	2	2	1	Universal Render Pipeline/Lit	892	0.057	0.049	0.187	1	0	0	Light_A_Left_Part
MW4	Assets/ThirdParty/Low Poly Weapon Pack 4_MW_1/Prefabs/Previous/Attachments/Accessories/Tatical Lights/Light_A_Right.prefab	Light_A_Right	2	2	1	Universal Render Pipeline/Lit	892	0.057	0.049	0.187	1	0	0	Light_A_Right_Part
MW4	Assets/ThirdParty/Low Poly Weapon Pack 4_MW_1/Prefabs/Previous/Attachments/Accessories/Tatical Lights/Light_B_Left.prefab	Light_B_Left	2	2	1	Universal Render Pipeline/Lit	832	0.045	0.071	0.138	1	0	0	Light_B_Left_Part
MW4	Assets/ThirdParty/Low Poly Weapon Pack 4_MW_1/Prefabs/Previous/Attachments/Accessories/Tatical Lights/Light_B_Right.prefab	Light_B_Right	2	2	1	Universal Render Pipeline/Lit	832	0.045	0.071	0.138	1	0	0	Light_B_Right_Part
MW4	Assets/ThirdParty/Low Poly Weapon Pack 4_MW_1/Prefabs/Previous/Attachments/Accessories/Tatical Lights/Light_C_Left.prefab	Light_C_Left	1	1	1	Universal Render Pipeline/Lit	630	0.028	0.038	0.061	0	0	0	
MW4	Assets/ThirdParty/Low Poly Weapon Pack 4_MW_1/Prefabs/Previous/Attachments/Accessories/Tatical Lights/Light_C_Right.prefab	Light_C_Right	1	1	1	Universal Render Pipeline/Lit	630	0.028	0.038	0.061	0	0	0	
MW4	Assets/ThirdParty/Low Poly Weapon Pack 4_MW_1/Prefabs/Previous/Attachments/Accessories/Tatical Lights/Light_D_Left.prefab	Light_D_Left	1	1	1	Universal Render Pipeline/Lit	992	0.061	0.056	0.153	0	0	0	
MW4	Assets/ThirdParty/Low Poly Weapon Pack 4_MW_1/Prefabs/Previous/Attachments/Accessories/Tatical Lights/Light_D_Right.prefab	Light_D_Right	1	1	1	Universal Render Pipeline/Lit	992	0.061	0.056	0.153	0	0	0	
MW4	Assets/ThirdParty/Low Poly Weapon Pack 4_MW_1/Prefabs/Previous/Attachments/Accessories/Tatical Lights/Light_E_Left.prefab	Light_E_Left	1	1	1	Universal Render Pipeline/Lit	1180	0.054	0.039	0.156	0	0	0	
MW4	Assets/ThirdParty/Low Poly Weapon Pack 4_MW_1/Prefabs/Previous/Attachments/Accessories/Tatical Lights/Light_E_Right.prefab	Light_E_Right	1	1	1	Universal Render Pipeline/Lit	1180	0.054	0.039	0.156	0	0	0	
MW4	Assets/ThirdParty/Low Poly Weapon Pack 4_MW_1/Prefabs/Previous/Attachments/Accessories/Tatical Lights/Light_F_Left.prefab	Light_F_Left	1	1	1	Universal Render Pipeline/Lit	968	0.045	0.047	0.185	0	0	0	
MW4	Assets/ThirdParty/Low Poly Weapon Pack 4_MW_1/Prefabs/Previous/Attachments/Accessories/Tatical Lights/Light_F_Right.prefab	Light_F_Right	1	1	1	Universal Render Pipeline/Lit	968	0.045	0.047	0.185	0	0	0	
MW4	Assets/ThirdParty/Low Poly Weapon Pack 4_MW_1/Prefabs/Previous/Attachments/Accessories/Tatical Lights/Light_G_Left.prefab	Light_G_Left	1	1	1	Universal Render Pipeline/Lit	660	0.038	0.044	0.170	0	0	0	
MW4	Assets/ThirdParty/Low Poly Weapon Pack 4_MW_1/Prefabs/Previous/Attachments/Accessories/Tatical Lights/Light_G_Right.prefab	Light_G_Right	1	1	1	Universal Render Pipeline/Lit	660	0.038	0.044	0.170	0	0	0	
MW4	Assets/ThirdParty/Low Poly Weapon Pack 4_MW_1/Prefabs/Previous/Attachments/Accessories/Tatical Lights/Light_H_Left.prefab	Light_H_Left	1	1	1	Universal Render Pipeline/Lit	1254	0.042	0.045	0.153	0	0	0	
MW4	Assets/ThirdParty/Low Poly Weapon Pack 4_MW_1/Prefabs/Previous/Attachments/Accessories/Tatical Lights/Light_H_Right.prefab	Light_H_Right	1	1	1	Universal Render Pipeline/Lit	1254	0.042	0.045	0.153	0	0	0	
MW4	Assets/ThirdParty/Low Poly Weapon Pack 4_MW_1/Prefabs/Previous/Attachments/Barrels/Muzzles/Muzzle_Brake_A.prefab	Muzzle_Brake_A	1	1	1	Universal Render Pipeline/Lit	388	0.026	0.030	0.065	0	0	1	
MW4	Assets/ThirdParty/Low Poly Weapon Pack 4_MW_1/Prefabs/Previous/Attachments/Barrels/Muzzles/Muzzle_Brake_B.prefab	Muzzle_Brake_B	1	1	1	Universal Render Pipeline/Lit	300	0.030	0.035	0.060	0	0	1	
MW4	Assets/ThirdParty/Low Poly Weapon Pack 4_MW_1/Prefabs/Previous/Attachments/Barrels/Muzzles/Muzzle_Brake_C.prefab	Muzzle_Brake_C	1	1	1	Universal Render Pipeline/Lit	1080	0.032	0.038	0.083	0	0	1	
MW4	Assets/ThirdParty/Low Poly Weapon Pack 4_MW_1/Prefabs/Previous/Attachments/Barrels/Muzzles/Muzzle_Brake_D.prefab	Muzzle_Brake_D	1	1	1	Universal Render Pipeline/Lit	736	0.033	0.038	0.115	0	0	1	
MW4	Assets/ThirdParty/Low Poly Weapon Pack 4_MW_1/Prefabs/Previous/Attachments/Barrels/Muzzles/Muzzle_Brake_E.prefab	Muzzle_Brake_E	1	1	1	Universal Render Pipeline/Lit	296	0.035	0.040	0.058	0	0	1	
MW4	Assets/ThirdParty/Low Poly Weapon Pack 4_MW_1/Prefabs/Previous/Attachments/Barrels/Muzzles/Muzzle_Brake_F.prefab	Muzzle_Brake_F	1	1	1	Universal Render Pipeline/Lit	724	0.042	0.037	0.127	0	0	1	
MW4	Assets/ThirdParty/Low Poly Weapon Pack 4_MW_1/Prefabs/Previous/Attachments/Barrels/Muzzles/Muzzle_Brake_G.prefab	Muzzle_Brake_G	1	1	1	Universal Render Pipeline/Lit	680	0.055	0.044	0.135	0	0	1	
MW4	Assets/ThirdParty/Low Poly Weapon Pack 4_MW_1/Prefabs/Previous/Attachments/Barrels/Muzzles/Muzzle_Flash Hider_A.prefab	Muzzle_Flash Hider_A	1	1	1	Universal Render Pipeline/Lit	620	0.026	0.030	0.065	0	0	1	
MW4	Assets/ThirdParty/Low Poly Weapon Pack 4_MW_1/Prefabs/Previous/Attachments/Barrels/Muzzles/Muzzle_Flash Hider_B.prefab	Muzzle_Flash Hider_B	1	1	1	Universal Render Pipeline/Lit	558	0.030	0.035	0.109	0	0	1	
MW4	Assets/ThirdParty/Low Poly Weapon Pack 4_MW_1/Prefabs/Previous/Attachments/Barrels/Muzzles/Muzzle_Flash Hider_C.prefab	Muzzle_Flash Hider_C	1	1	1	Universal Render Pipeline/Lit	888	0.031	0.036	0.106	0	0	1	
MW4	Assets/ThirdParty/Low Poly Weapon Pack 4_MW_1/Prefabs/Previous/Attachments/Barrels/Muzzles/Muzzle_Flash Hider_D.prefab	Muzzle_Flash Hider_D	1	1	1	Universal Render Pipeline/Lit	816	0.026	0.030	0.069	0	0	1	
MW4	Assets/ThirdParty/Low Poly Weapon Pack 4_MW_1/Prefabs/Previous/Attachments/Barrels/Muzzles/Muzzle_Flash Hider_E.prefab	Muzzle_Flash Hider_E	1	1	1	Universal Render Pipeline/Lit	464	0.033	0.039	0.074	0	0	1	
MW4	Assets/ThirdParty/Low Poly Weapon Pack 4_MW_1/Prefabs/Previous/Attachments/Barrels/Muzzles/Muzzle_Flash Hider_F.prefab	Muzzle_Flash Hider_F	1	1	1	Universal Render Pipeline/Lit	332	0.030	0.035	0.130	0	0	1	
MW4	Assets/ThirdParty/Low Poly Weapon Pack 4_MW_1/Prefabs/Previous/Attachments/Barrels/Muzzles/Muzzle_Flash Hider_G.prefab	Muzzle_Flash Hider_G	1	1	1	Universal Render Pipeline/Lit	596	0.044	0.049	0.099	0	0	1	
MW4	Assets/ThirdParty/Low Poly Weapon Pack 4_MW_1/Prefabs/Previous/Attachments/Barrels/Muzzles/Muzzle_Suppressor_A.prefab	Muzzle_Suppressor_A	1	1	1	Universal Render Pipeline/Lit	360	0.043	0.049	0.237	0	0	1	
MW4	Assets/ThirdParty/Low Poly Weapon Pack 4_MW_1/Prefabs/Previous/Attachments/Barrels/Muzzles/Muzzle_Suppressor_B.prefab	Muzzle_Suppressor_B	1	1	1	Universal Render Pipeline/Lit	460	0.051	0.058	0.267	0	0	1	
MW4	Assets/ThirdParty/Low Poly Weapon Pack 4_MW_1/Prefabs/Previous/Attachments/Barrels/Muzzles/Muzzle_Suppressor_C.prefab	Muzzle_Suppressor_C	1	1	1	Universal Render Pipeline/Lit	584	0.048	0.055	0.155	0	0	1	
MW4	Assets/ThirdParty/Low Poly Weapon Pack 4_MW_1/Prefabs/Previous/Attachments/Barrels/Muzzles/Muzzle_Suppressor_D.prefab	Muzzle_Suppressor_D	1	1	1	Universal Render Pipeline/Lit	664	0.040	0.047	0.240	0	0	1	
MW4	Assets/ThirdParty/Low Poly Weapon Pack 4_MW_1/Prefabs/Previous/Attachments/Barrels/Muzzles/Muzzle_Suppressor_E.prefab	Muzzle_Suppressor_E	1	1	1	Universal Render Pipeline/Lit	404	0.043	0.049	0.273	0	0	1	
MW4	Assets/ThirdParty/Low Poly Weapon Pack 4_MW_1/Prefabs/Previous/Attachments/Barrels/Muzzles/Muzzle_Suppressor_F.prefab	Muzzle_Suppressor_F	1	1	1	Universal Render Pipeline/Lit	300	0.048	0.055	0.243	0	0	1	
MW4	Assets/ThirdParty/Low Poly Weapon Pack 4_MW_1/Prefabs/Previous/Attachments/Barrels/Muzzles/Muzzle_Suppressor_G.prefab	Muzzle_Suppressor_G	1	1	1	Universal Render Pipeline/Lit	852	0.045	0.053	0.275	0	0	1	
MW4	Assets/ThirdParty/Low Poly Weapon Pack 4_MW_1/Prefabs/Previous/Attachments/Barrels/Muzzles/Muzzle_Suppressor_H.prefab	Muzzle_Suppressor_H	1	1	1	Universal Render Pipeline/Lit	536	0.043	0.065	0.281	0	0	1	
MW4	Assets/ThirdParty/Low Poly Weapon Pack 4_MW_1/Prefabs/Previous/Attachments/Barrels/Muzzles/Muzzle_Suppressor_I.prefab	Muzzle_Suppressor_I	1	1	1	Universal Render Pipeline/Lit	548	0.055	0.063	0.116	0	0	1	
MW4	Assets/ThirdParty/Low Poly Weapon Pack 4_MW_1/Prefabs/Previous/Attachments/Barrels/Muzzles_Pistol/Muzzle_Pistol_Brake_A.prefab	Muzzle_Pistol_Brake_A	1	1	1	Universal Render Pipeline/Lit	1060	0.028	0.033	0.069	0	0	1	
MW4	Assets/ThirdParty/Low Poly Weapon Pack 4_MW_1/Prefabs/Previous/Attachments/Barrels/Muzzles_Pistol/Muzzle_Pistol_Brake_B.prefab	Muzzle_Pistol_Brake_B	1	1	1	Universal Render Pipeline/Lit	632	0.028	0.041	0.058	0	0	1	
MW4	Assets/ThirdParty/Low Poly Weapon Pack 4_MW_1/Prefabs/Previous/Attachments/Barrels/Muzzles_Pistol/Muzzle_Pistol_Device.prefab	Muzzle_Pistol_Device	1	1	1	Universal Render Pipeline/Lit	212	0.022	0.025	0.032	0	0	1	
MW4	Assets/ThirdParty/Low Poly Weapon Pack 4_MW_1/Prefabs/Previous/Attachments/Barrels/Muzzles_Pistol/Muzzle_Pistol_Flash Hider_A.prefab	Muzzle_Pistol_Flash Hider_A	1	1	1	Universal Render Pipeline/Lit	416	0.028	0.033	0.075	0	0	1	
MW4	Assets/ThirdParty/Low Poly Weapon Pack 4_MW_1/Prefabs/Previous/Attachments/Barrels/Muzzles_Pistol/Muzzle_Pistol_Flash Hider_B.prefab	Muzzle_Pistol_Flash Hider_B	1	1	1	Universal Render Pipeline/Lit	560	0.025	0.029	0.065	0	0	1	
MW4	Assets/ThirdParty/Low Poly Weapon Pack 4_MW_1/Prefabs/Previous/Attachments/Barrels/Muzzles_Pistol/Muzzle_Pistol_Suppressor_A.prefab	Muzzle_Pistol_Suppressor_A	1	1	1	Universal Render Pipeline/Lit	2144	0.028	0.030	0.178	0	0	1	
MW4	Assets/ThirdParty/Low Poly Weapon Pack 4_MW_1/Prefabs/Previous/Attachments/Barrels/Muzzles_Pistol/Muzzle_Pistol_Suppressor_B.prefab	Muzzle_Pistol_Suppressor_B	1	1	1	Universal Render Pipeline/Lit	594	0.030	0.045	0.210	0	0	1	
MW4	Assets/ThirdParty/Low Poly Weapon Pack 4_MW_1/Prefabs/Previous/Attachments/Barrels/Muzzles_Pistol/Muzzle_Pistol_Suppressor_C.prefab	Muzzle_Pistol_Suppressor_C	1	1	1	Universal Render Pipeline/Lit	288	0.039	0.039	0.189	0	0	1	
MW4	Assets/ThirdParty/Low Poly Weapon Pack 4_MW_1/Prefabs/Previous/Attachments/Barrels/Muzzles_Recon/Muzzle_Recon_Brake_A.prefab	Muzzle_Recon_Brake_A	1	1	1	Universal Render Pipeline/Lit	536	0.043	0.037	0.085	0	0	1	
MW4	Assets/ThirdParty/Low Poly Weapon Pack 4_MW_1/Prefabs/Previous/Attachments/Barrels/Muzzles_Recon/Muzzle_Recon_Brake_B.prefab	Muzzle_Recon_Brake_B	1	1	1	Universal Render Pipeline/Lit	368	0.043	0.037	0.077	0	0	1	
MW4	Assets/ThirdParty/Low Poly Weapon Pack 4_MW_1/Prefabs/Previous/Attachments/Barrels/Muzzles_Recon/Muzzle_Recon_Brake_C.prefab	Muzzle_Recon_Brake_C	1	1	1	Universal Render Pipeline/Lit	448	0.050	0.053	0.092	0	0	1	
MW4	Assets/ThirdParty/Low Poly Weapon Pack 4_MW_1/Prefabs/Previous/Attachments/Barrels/Muzzles_Recon/Muzzle_Recon_Flash Hider_A.prefab	Muzzle_Recon_Flash Hider_A	1	1	1	Universal Render Pipeline/Lit	446	0.036	0.042	0.146	0	0	1	
MW4	Assets/ThirdParty/Low Poly Weapon Pack 4_MW_1/Prefabs/Previous/Attachments/Barrels/Muzzles_Recon/Muzzle_Recon_Flash Hider_B.prefab	Muzzle_Recon_Flash Hider_B	1	1	1	Universal Render Pipeline/Lit	372	0.038	0.044	0.100	0	0	1	
MW4	Assets/ThirdParty/Low Poly Weapon Pack 4_MW_1/Prefabs/Previous/Attachments/Barrels/Muzzles_Recon/Muzzle_Recon_Flash Hider_C.prefab	Muzzle_Recon_Flash Hider_C	1	1	1	Universal Render Pipeline/Lit	616	0.038	0.044	0.174	0	0	1	
MW4	Assets/ThirdParty/Low Poly Weapon Pack 4_MW_1/Prefabs/Previous/Attachments/Barrels/Muzzles_Recon/Muzzle_Recon_Suppressor_A.prefab	Muzzle_Recon_Suppressor_A	1	1	1	Universal Render Pipeline/Lit	292	0.057	0.066	0.418	0	0	1	
MW4	Assets/ThirdParty/Low Poly Weapon Pack 4_MW_1/Prefabs/Previous/Attachments/Barrels/Muzzles_Recon/Muzzle_Recon_Suppressor_B.prefab	Muzzle_Recon_Suppressor_B	1	1	1	Universal Render Pipeline/Lit	260	0.048	0.055	0.323	0	0	1	
MW4	Assets/ThirdParty/Low Poly Weapon Pack 4_MW_1/Prefabs/Previous/Attachments/Barrels/Muzzles_Recon/Muzzle_Recon_Suppressor_C.prefab	Muzzle_Recon_Suppressor_C	1	1	1	Universal Render Pipeline/Lit	1176	0.057	0.066	0.340	0	0	1	
MW4	Assets/ThirdParty/Low Poly Weapon Pack 4_MW_1/Prefabs/Previous/Attachments/Barrels/Muzzles_ShotGun/Muzzle_ShotGun_Device_A.prefab	Muzzle_ShotGun_Device_A	1	1	1	Universal Render Pipeline/Lit	312	0.042	0.048	0.150	0	0	1	
MW4	Assets/ThirdParty/Low Poly Weapon Pack 4_MW_1/Prefabs/Previous/Attachments/Barrels/Muzzles_ShotGun/Muzzle_ShotGun_Device_B.prefab	Muzzle_ShotGun_Device_B	1	1	1	Universal Render Pipeline/Lit	860	0.035	0.040	0.062	0	0	1	
MW4	Assets/ThirdParty/Low Poly Weapon Pack 4_MW_1/Prefabs/Previous/Attachments/Barrels/Muzzles_ShotGun/Muzzle_ShotGun_Flash Hider_A.prefab	Muzzle_ShotGun_Flash Hider_A	1	1	1	Universal Render Pipeline/Lit	280	0.033	0.039	0.064	0	0	1	
MW4	Assets/ThirdParty/Low Poly Weapon Pack 4_MW_1/Prefabs/Previous/Attachments/Barrels/Muzzles_ShotGun/Muzzle_ShotGun_Flash Hider_B.prefab	Muzzle_ShotGun_Flash Hider_B	1	1	1	Universal Render Pipeline/Lit	760	0.045	0.038	0.082	0	0	1	
MW4	Assets/ThirdParty/Low Poly Weapon Pack 4_MW_1/Prefabs/Previous/Attachments/Barrels/Muzzles_ShotGun/Muzzle_ShotGun_Shoke_A.prefab	Muzzle_ShotGun_Shoke_A	1	1	1	Universal Render Pipeline/Lit	168	0.022	0.026	0.017	0	0	1	
MW4	Assets/ThirdParty/Low Poly Weapon Pack 4_MW_1/Prefabs/Previous/Attachments/Barrels/Muzzles_ShotGun/Muzzle_ShotGun_Shoke_B.prefab	Muzzle_ShotGun_Shoke_B	1	1	1	Universal Render Pipeline/Lit	292	0.035	0.035	0.088	0	0	1	
MW4	Assets/ThirdParty/Low Poly Weapon Pack 4_MW_1/Prefabs/Previous/Attachments/Barrels/Muzzles_ShotGun/Muzzle_ShotGun_Suppresor_A.prefab	Muzzle_ShotGun_Suppresor_A	1	1	1	Universal Render Pipeline/Lit	331	0.045	0.088	0.348	0	0	1	
MW4	Assets/ThirdParty/Low Poly Weapon Pack 4_MW_1/Prefabs/Previous/Attachments/Barrels/Muzzles_ShotGun/Muzzle_ShotGun_Suppresor_B.prefab	Muzzle_ShotGun_Suppresor_B	1	1	1	Universal Render Pipeline/Lit	1500	0.045	0.084	0.318	0	0	1	
MW4	Assets/ThirdParty/Low Poly Weapon Pack 4_MW_1/Prefabs/Previous/Attachments/Optics/Optics/Optic_A.prefab	Optic_A	2	2	2	Universal Render Pipeline/Lit	1034	0.045	0.066	0.076	1	0	0	Optic_A_Lens
MW4	Assets/ThirdParty/Low Poly Weapon Pack 4_MW_1/Prefabs/Previous/Attachments/Optics/Optics/Optic_B.prefab	Optic_B	2	2	2	Universal Render Pipeline/Lit	1660	0.050	0.088	0.130	1	0	0	Optic_B_Lens
MW4	Assets/ThirdParty/Low Poly Weapon Pack 4_MW_1/Prefabs/Previous/Attachments/Optics/Optics/Optic_C.prefab	Optic_C	2	2	2	Universal Render Pipeline/Lit	2758	0.066	0.126	0.202	1	0	0	Optic_C_Lens
MW4	Assets/ThirdParty/Low Poly Weapon Pack 4_MW_1/Prefabs/Previous/Attachments/Optics/Optics/Optic_D.prefab	Optic_D	2	2	2	Universal Render Pipeline/Lit	1766	0.052	0.090	0.160	1	0	0	Optic_D_Lens
MW4	Assets/ThirdParty/Low Poly Weapon Pack 4_MW_1/Prefabs/Previous/Attachments/Optics/Optics/Optic_E.prefab	Optic_E	2	2	2	Universal Render Pipeline/Lit	858	0.060	0.086	0.088	1	0	0	Optic_E_Lens
MW4	Assets/ThirdParty/Low Poly Weapon Pack 4_MW_1/Prefabs/Previous/Attachments/Optics/Optics/Optic_F.prefab	Optic_F	2	2	2	Universal Render Pipeline/Lit	858	0.055	0.103	0.090	1	0	0	Optic_F_Lens
MW4	Assets/ThirdParty/Low Poly Weapon Pack 4_MW_1/Prefabs/Previous/Attachments/Optics/Optics/Optic_H.prefab	Optic_H	2	2	2	Universal Render Pipeline/Lit	1798	0.066	0.146	0.176	1	0	0	Optic_H_Lens
MW4	Assets/ThirdParty/Low Poly Weapon Pack 4_MW_1/Prefabs/Previous/Attachments/Optics/Optics/Optic_I.prefab	Optic_I	2	2	2	Universal Render Pipeline/Lit	1680	0.060	0.092	0.118	1	0	0	Optic_I_Lens
MW4	Assets/ThirdParty/Low Poly Weapon Pack 4_MW_1/Prefabs/Previous/Attachments/Optics/Optics/Optic_I_2.prefab	Optic_I_2	2	2	2	Universal Render Pipeline/Lit	2040	0.060	0.092	0.180	1	0	0	Optic_I_2_Lens
MW4	Assets/ThirdParty/Low Poly Weapon Pack 4_MW_1/Prefabs/Previous/Attachments/Optics/Optics/Optic_I_2_Sand.prefab	Optic_I_2_Sand	2	2	2	Universal Render Pipeline/Lit	2040	0.060	0.092	0.180	1	0	0	Optic_I_2_Sand_Lens
MW4	Assets/ThirdParty/Low Poly Weapon Pack 4_MW_1/Prefabs/Previous/Attachments/Optics/Optics/Optic_I_Sand.prefab	Optic_I_Sand	2	2	2	Universal Render Pipeline/Lit	1680	0.138	0.124	0.130	1	0	0	Optic_I_Sand_Lens
MW4	Assets/ThirdParty/Low Poly Weapon Pack 4_MW_1/Prefabs/Previous/Attachments/Optics/Optics/Optic_K.prefab	Optic_K	2	2	2	Universal Render Pipeline/Lit	2060	0.072	0.124	0.209	1	0	0	Optic_K_Lens
MW4	Assets/ThirdParty/Low Poly Weapon Pack 4_MW_1/Prefabs/Previous/Attachments/Optics/Optics/Optic_M.prefab	Optic_M	2	2	2	Universal Render Pipeline/Lit	1248	0.055	0.086	0.102	1	0	0	Optic_M_Lens
MW4	Assets/ThirdParty/Low Poly Weapon Pack 4_MW_1/Prefabs/Previous/Attachments/Optics/Optics/Optic_N.prefab	Optic_N	2	2	2	Universal Render Pipeline/Lit	2458	0.090	0.156	0.368	1	0	0	Optic_N_Lens
MW4	Assets/ThirdParty/Low Poly Weapon Pack 4_MW_1/Prefabs/Previous/Attachments/Optics/Optics/Optic_O.prefab	Optic_O	2	2	2	Universal Render Pipeline/Lit	1028	0.055	0.101	0.074	1	0	0	Optic_O_Lens
MW4	Assets/ThirdParty/Low Poly Weapon Pack 4_MW_1/Prefabs/Previous/Attachments/Optics/Optics/Optic_P.prefab	Optic_P	2	2	2	Universal Render Pipeline/Lit	924	0.055	0.082	0.070	1	0	0	Optic_P_Lens
MW4	Assets/ThirdParty/Low Poly Weapon Pack 4_MW_1/Prefabs/Previous/Attachments/Optics/Optics/Optic_Q.prefab	Optic_Q	2	2	2	Universal Render Pipeline/Lit	962	0.055	0.070	0.080	1	0	0	Optic_Q_Lens
MW4	Assets/ThirdParty/Low Poly Weapon Pack 4_MW_1/Prefabs/Previous/Attachments/Optics/Optics/Optic_R.prefab	Optic_R	2	2	2	Universal Render Pipeline/Lit	1302	0.055	0.069	0.086	1	0	0	Optic_R_Lens
MW4	Assets/ThirdParty/Low Poly Weapon Pack 4_MW_1/Prefabs/Previous/Attachments/Optics/Optics/Optic_S.prefab	Optic_S	2	2	2	Universal Render Pipeline/Lit	1284	0.059	0.104	0.168	1	0	0	Optic_S_Lens
MW4	Assets/ThirdParty/Low Poly Weapon Pack 4_MW_1/Prefabs/Previous/Attachments/Optics/Optics/Optic_T.prefab	Optic_T	2	2	2	Universal Render Pipeline/Lit	802	0.077	0.080	0.150	1	0	0	Optic_T_Lens
MW4	Assets/ThirdParty/Low Poly Weapon Pack 4_MW_1/Prefabs/Previous/Attachments/Optics/Optics/Optic_U.prefab	Optic_U	2	2	2	Universal Render Pipeline/Lit	1130	0.055	0.064	0.086	1	0	0	Optic_U_Lens
MW4	Assets/ThirdParty/Low Poly Weapon Pack 4_MW_1/Prefabs/Previous/Attachments/Optics/Optics/Optic_V.prefab	Optic_V	2	2	2	Universal Render Pipeline/Lit	2784	0.140	0.176	0.856	1	0	0	Optic_V_Lens
MW4	Assets/ThirdParty/Low Poly Weapon Pack 4_MW_1/Prefabs/Previous/Attachments/Optics/Optics/Optic_W.prefab	Optic_W	2	2	2	Universal Render Pipeline/Lit	2210	0.136	0.169	0.630	1	0	0	Optic_W_Lens
MW4	Assets/ThirdParty/Low Poly Weapon Pack 4_MW_1/Prefabs/Previous/Attachments/Optics/Optics_Combo/Optic_J.prefab	Optic_J	3	3	2	Universal Render Pipeline/Lit	2128	0.064	0.135	0.195	2	0	0	Optic_j_Lens_A,Optic_j_Lens_B
MW4	Assets/ThirdParty/Low Poly Weapon Pack 4_MW_1/Prefabs/Previous/Attachments/Optics/Optics_Combo/Optic_L.prefab	Optic_L	4	4	2	Universal Render Pipeline/Lit	3236	0.066	0.101	0.258	3	0	0	Optic_L_Lens,Optic_L_Part,Optic_L_Part_Lens
MW4	Assets/ThirdParty/Low Poly Weapon Pack 4_MW_1/Prefabs/Previous/Attachments/Optics/Optics_Combo/Optic_L_2.prefab	Optic_L_2	4	4	2	Universal Render Pipeline/Lit	3596	0.066	0.101	0.320	3	0	0	Optic_L_2_Lens,Optic_L_2_Part,Optic_L_2_Part_Lens
MW4	Assets/ThirdParty/Low Poly Weapon Pack 4_MW_1/Prefabs/Previous/Attachments/Optics/Optics_IronSight/Optic_G.prefab	Optic_G	4	4	1	Universal Render Pipeline/Lit	2416	0.057	0.063	0.044	4	0	0	Optic_G_Back,Optic_G_Back_Part,Optic_G_Forward,Optic_G_Forward_Part
MW4	Assets/ThirdParty/Low Poly Weapon Pack 4_MW_1/Prefabs/Previous/Attachments/Optics/Optics_IronSight/Optic_G_2.prefab	Optic_G_2	4	4	1	Universal Render Pipeline/Lit	2436	0.057	0.069	0.044	4	0	0	Optic_G_2_Back,Optic_G_2_Back_Part,Optic_G_2_Forward,Optic_G_2_Forward_Part
MW4	Assets/ThirdParty/Low Poly Weapon Pack 4_MW_1/Prefabs/Previous/Attachments/Optics/Optics_Pistol/Optic_Pistol_A.prefab	Optic_Pistol_A	2	2	2	Universal Render Pipeline/Lit	760	0.035	0.050	0.059	1	0	0	Optic_Pistol_A_Lens
MW4	Assets/ThirdParty/Low Poly Weapon Pack 4_MW_1/Prefabs/Previous/Attachments/Optics/Optics_Pistol/Optic_Pistol_B.prefab	Optic_Pistol_B	2	2	2	Universal Render Pipeline/Lit	832	0.041	0.082	0.089	1	0	0	Optic_Pistol_B_Lens
MW4	Assets/ThirdParty/Low Poly Weapon Pack 4_MW_1/Prefabs/Previous/Attachments/Optics/Optics_Pistol/Optic_Pistol_C.prefab	Optic_Pistol_C	2	2	2	Universal Render Pipeline/Lit	516	0.035	0.053	0.061	1	0	0	Optic_Pistol_C_Lens
MW4	Assets/ThirdParty/Low Poly Weapon Pack 4_MW_1/Prefabs/Previous/Attachments/Optics/Optics_Pistol/Optic_Pistol_D.prefab	Optic_Pistol_D	2	2	2	Universal Render Pipeline/Lit	736	0.039	0.052	0.056	1	0	0	Optic_Pistol_D_Lens
MW4	Assets/ThirdParty/Low Poly Weapon Pack 4_MW_1/Prefabs/Previous/Attachments/Optics/Optics_Pistol/Optic_Pistol_E.prefab	Optic_Pistol_E	2	2	2	Universal Render Pipeline/Lit	606	0.045	0.045	0.051	1	0	0	Optic_Pistol_E_Lens
MW4	Assets/ThirdParty/Low Poly Weapon Pack 4_MW_1/Prefabs/Previous/Attachments/Optics/Optics_Pistol/Optic_Pistol_F.prefab	Optic_Pistol_F	2	2	2	Universal Render Pipeline/Lit	1764	0.042	0.082	0.250	1	0	0	Optic_Pistol_F_Lens
MW4	Assets/ThirdParty/Low Poly Weapon Pack 4_MW_1/Prefabs/Previous/Attachments/Optics/Optics_Recon/Optic_Recon_A.prefab	Optic_Recon_A	3	3	1	Universal Render Pipeline/Lit	700	0.058	0.063	0.020	3	0	0	Optic_Recon_A_Back,Optic_Recon_A_Back_Part,Optic_Recon_A_Forward
MW4	Assets/ThirdParty/Low Poly Weapon Pack 4_MW_1/Prefabs/Previous/Attachments/Optics/Optics_Recon/Optic_Recon_B.prefab	Optic_Recon_B	2	2	2	Universal Render Pipeline/Lit	1740	0.110	0.152	0.548	1	0	0	Optic_Recon_B_Lens
MW4	Assets/ThirdParty/Low Poly Weapon Pack 4_MW_1/Prefabs/Previous/Attachments/Optics/Optics_Recon/Optic_Recon_C.prefab	Optic_Recon_C	2	2	2	Universal Render Pipeline/Lit	1544	0.090	0.134	0.483	1	0	0	Optic_Recon_C_Lens
MW4	Assets/ThirdParty/Low Poly Weapon Pack 4_MW_1/Prefabs/Previous/Attachments/Optics/Optics_Recon/Optic_Recon_D.prefab	Optic_Recon_D	2	2	2	Universal Render Pipeline/Lit	1754	0.099	0.140	0.450	1	0	0	Optic_Recon_D_Lens
MW4	Assets/ThirdParty/Low Poly Weapon Pack 4_MW_1/Prefabs/Previous/Attachments/Optics/Optics_Recon/Optic_Recon_E.prefab	Optic_Recon_E	2	2	2	Universal Render Pipeline/Lit	1304	0.069	0.125	0.245	1	0	0	Optic_Recon_E_Lens
MW4	Assets/ThirdParty/Low Poly Weapon Pack 4_MW_1/Prefabs/Previous/Attachments/Optics/Optics_Recon/Optic_Recon_F.prefab	Optic_Recon_F	2	2	2	Universal Render Pipeline/Lit	1728	0.110	0.152	0.637	1	0	0	Optic_Recon_F_Lens
MW4	Assets/ThirdParty/Low Poly Weapon Pack 4_MW_1/Prefabs/Previous/Attachments/Optics/Optics_Recon/Optic_Recon_G.prefab	Optic_Recon_G	2	2	2	Universal Render Pipeline/Lit	2296	0.068	0.123	0.450	1	0	0	Optic_Recon_G_Lens
MW4	Assets/ThirdParty/Low Poly Weapon Pack 4_MW_1/Prefabs/Previous/Attachments/Optics/Optics_Recon/Optic_Recon_H.prefab	Optic_Recon_H	2	2	2	Universal Render Pipeline/Lit	2460	0.055	0.113	0.434	1	0	0	Optic_Recon_H_Lens
MW4	Assets/ThirdParty/Low Poly Weapon Pack 4_MW_1/Prefabs/Previous/Attachments/Optics/Optics_Recon/Optic_Recon_I.prefab	Optic_Recon_I	2	2	2	Universal Render Pipeline/Lit	3020	0.085	0.112	0.414	1	0	0	Optic_Recon_I_Lens
MW4	Assets/ThirdParty/Low Poly Weapon Pack 4_MW_1/Prefabs/Previous/Attachments/Optics/Optics_Recon/Optic_Recon_J.prefab	Optic_Recon_J	2	2	2	Universal Render Pipeline/Lit	3886	0.106	0.149	0.531	1	0	0	Optic_Recon_j_Lens
MW4	Assets/ThirdParty/Low Poly Weapon Pack 4_MW_1/Prefabs/Previous/Attachments/Optics/Optics_Recon/Optic_Recon_K.prefab	Optic_Recon_K	2	2	2	Universal Render Pipeline/Lit	3140	0.067	0.137	0.588	1	0	0	Optic_Recon_K_Lens
MW4	Assets/ThirdParty/Low Poly Weapon Pack 4_MW_1/Prefabs/Previous/Attachments/Optics/Optics_Side/Optic_X.prefab	Optic_X	2	2	2	Universal Render Pipeline/Lit	1280	0.126	0.114	0.076	1	0	0	Optic_X_Lens
MW4	Assets/ThirdParty/Low Poly Weapon Pack 4_MW_1/Prefabs/Previous/Attachments/Optics/Optics_Side/Optic_Y.prefab	Optic_Y	2	2	2	Universal Render Pipeline/Lit	1040	0.129	0.120	0.061	1	0	0	Optic_Y_Lens
MW4	Assets/ThirdParty/Low Poly Weapon Pack 4_MW_1/Prefabs/Previous/Attachments/UnderBarrels/Bipods/Bipod_A.prefab	Bipod_A	3	3	1	Universal Render Pipeline/Lit	1050	0.118	0.265	0.056	2	0	0	Bipod_A_Left,Bipod_A_Right
MW4	Assets/ThirdParty/Low Poly Weapon Pack 4_MW_1/Prefabs/Previous/Attachments/UnderBarrels/Bipods/Bipod_B.prefab	Bipod_B	3	3	1	Universal Render Pipeline/Lit	1108	0.127	0.264	0.055	2	0	0	Bipod_B_Left,Bipod_B_Right
MW4	Assets/ThirdParty/Low Poly Weapon Pack 4_MW_1/Prefabs/Previous/Attachments/UnderBarrels/Bipods/Bipod_C.prefab	Bipod_C	3	3	1	Universal Render Pipeline/Lit	2016	0.120	0.266	0.082	2	0	0	Bipod_C_Left,Bipod_C_Right
MW4	Assets/ThirdParty/Low Poly Weapon Pack 4_MW_1/Prefabs/Previous/Attachments/UnderBarrels/ForwardGrips/ForwardGrip_A.prefab	ForwardGrip_A	1	1	1	Universal Render Pipeline/Lit	1416	0.050	0.077	0.167	0	1	0	
MW4	Assets/ThirdParty/Low Poly Weapon Pack 4_MW_1/Prefabs/Previous/Attachments/UnderBarrels/ForwardGrips/ForwardGrip_A_Sand.prefab	ForwardGrip_A_Sand	1	1	1	Universal Render Pipeline/Lit	1416	0.050	0.077	0.167	0	1	0	
MW4	Assets/ThirdParty/Low Poly Weapon Pack 4_MW_1/Prefabs/Previous/Attachments/UnderBarrels/ForwardGrips/ForwardGrip_B.prefab	ForwardGrip_B	1	1	1	Universal Render Pipeline/Lit	552	0.049	0.105	0.067	0	1	0	
MW4	Assets/ThirdParty/Low Poly Weapon Pack 4_MW_1/Prefabs/Previous/Attachments/UnderBarrels/ForwardGrips/ForwardGrip_B_Sand.prefab	ForwardGrip_B_Sand	1	1	1	Universal Render Pipeline/Lit	552	0.049	0.105	0.067	0	1	0	
MW4	Assets/ThirdParty/Low Poly Weapon Pack 4_MW_1/Prefabs/Previous/Attachments/UnderBarrels/ForwardGrips/ForwardGrip_C.prefab	ForwardGrip_C	1	1	1	Universal Render Pipeline/Lit	748	0.049	0.155	0.057	0	1	0	
MW4	Assets/ThirdParty/Low Poly Weapon Pack 4_MW_1/Prefabs/Previous/Attachments/UnderBarrels/ForwardGrips/ForwardGrip_C_Sand.prefab	ForwardGrip_C_Sand	1	1	1	Universal Render Pipeline/Lit	748	0.049	0.155	0.057	0	1	0	
MW4	Assets/ThirdParty/Low Poly Weapon Pack 4_MW_1/Prefabs/Previous/Attachments/UnderBarrels/ForwardGrips/ForwardGrip_D.prefab	ForwardGrip_D	1	1	1	Universal Render Pipeline/Lit	1380	0.045	0.115	0.070	0	1	0	
MW4	Assets/ThirdParty/Low Poly Weapon Pack 4_MW_1/Prefabs/Previous/Attachments/UnderBarrels/ForwardGrips/ForwardGrip_D_2.prefab	ForwardGrip_D_2	1	1	1	Universal Render Pipeline/Lit	1524	0.045	0.152	0.070	0	1	0	
MW4	Assets/ThirdParty/Low Poly Weapon Pack 4_MW_1/Prefabs/Previous/Attachments/UnderBarrels/ForwardGrips/ForwardGrip_D_2_Sand.prefab	ForwardGrip_D_2_Sand	1	1	1	Universal Render Pipeline/Lit	1524	0.045	0.152	0.070	0	1	0	
MW4	Assets/ThirdParty/Low Poly Weapon Pack 4_MW_1/Prefabs/Previous/Attachments/UnderBarrels/ForwardGrips/ForwardGrip_D_Sand.prefab	ForwardGrip_D_Sand	1	1	1	Universal Render Pipeline/Lit	1380	0.045	0.115	0.070	0	1	0	
MW4	Assets/ThirdParty/Low Poly Weapon Pack 4_MW_1/Prefabs/Previous/Attachments/UnderBarrels/ForwardGrips/ForwardGrip_E.prefab	ForwardGrip_E	1	1	1	Universal Render Pipeline/Lit	488	0.050	0.164	0.045	0	1	0	
MW4	Assets/ThirdParty/Low Poly Weapon Pack 4_MW_1/Prefabs/Previous/Attachments/UnderBarrels/ForwardGrips/ForwardGrip_F.prefab	ForwardGrip_F	1	1	1	Universal Render Pipeline/Lit	450	0.050	0.070	0.128	0	1	0	
MW4	Assets/ThirdParty/Low Poly Weapon Pack 4_MW_1/Prefabs/Previous/Attachments/UnderBarrels/ForwardGrips/ForwardGrip_G.prefab	ForwardGrip_G	1	1	1	Universal Render Pipeline/Lit	386	0.053	0.056	0.056	0	1	0	
MW4	Assets/ThirdParty/Low Poly Weapon Pack 4_MW_1/Prefabs/Previous/Attachments/UnderBarrels/ForwardGrips/ForwardGrip_H.prefab	ForwardGrip_H	1	1	1	Universal Render Pipeline/Lit	532	0.048	0.118	0.063	0	1	0	
MW4	Assets/ThirdParty/Low Poly Weapon Pack 4_MW_1/Prefabs/Previous/Attachments/UnderBarrels/ForwardGrips/ForwardGrip_I.prefab	ForwardGrip_I	1	1	1	Universal Render Pipeline/Lit	616	0.050	0.100	0.154	0	1	0	
MW4	Assets/ThirdParty/Low Poly Weapon Pack 4_MW_1/Prefabs/Previous/Attachments/UnderBarrels/ForwardGrips/ForwardGrip_J.prefab	ForwardGrip_J	1	1	1	Universal Render Pipeline/Lit	1352	0.048	0.193	0.063	0	1	0	
MW4	Assets/ThirdParty/Low Poly Weapon Pack 4_MW_1/Prefabs/Previous/Attachments/UnderBarrels/ForwardGrips/ForwardGrip_K.prefab	ForwardGrip_K	1	1	1	Universal Render Pipeline/Lit	570	0.045	0.065	0.165	0	1	0	
MW4	Assets/ThirdParty/Low Poly Weapon Pack 4_MW_1/Prefabs/Previous/Attachments/UnderBarrels/ForwardGrips/ForwardGrip_L.prefab	ForwardGrip_L	1	1	1	Universal Render Pipeline/Lit	412	0.050	0.054	0.065	0	1	0	
MW4	Assets/ThirdParty/Low Poly Weapon Pack 4_MW_1/Prefabs/Previous/Attachments/UnderBarrels/ForwardGrips/ForwardGrip_M.prefab	ForwardGrip_M	1	1	1	Universal Render Pipeline/Lit	528	0.052	0.067	0.064	0	1	0	
MW4	Assets/ThirdParty/Low Poly Weapon Pack 4_MW_1/Prefabs/Previous/Attachments/UnderBarrels/ForwardGrips/ForwardGrip_N.prefab	ForwardGrip_N	1	1	1	Universal Render Pipeline/Lit	392	0.050	0.088	0.069	0	1	0	
MW4	Assets/ThirdParty/Low Poly Weapon Pack 4_MW_1/Prefabs/Previous/Attachments/UnderBarrels/ForwardGrips/ForwardGrip_O.prefab	ForwardGrip_O	1	1	1	Universal Render Pipeline/Lit	1740	0.158	0.148	0.050	0	1	0	
MW4	Assets/ThirdParty/Low Poly Weapon Pack 4_MW_1/Prefabs/Previous/Attachments/UnderBarrels/ForwardGrips/ForwardGrip_P.prefab	ForwardGrip_P	1	1	1	Universal Render Pipeline/Lit	742	0.050	0.074	0.241	0	1	0	
MW4	Assets/ThirdParty/Low Poly Weapon Pack 4_MW_1/Prefabs/Previous/Attachments/UnderBarrels/ForwardGrips/ForwardGrip_Q.prefab	ForwardGrip_Q	1	1	1	Universal Render Pipeline/Lit	860	0.060	0.106	0.137	0	1	0	
MW4	Assets/ThirdParty/Low Poly Weapon Pack 4_MW_1/Prefabs/Previous/Attachments/UnderBarrels/ForwardGrips/ForwardGrip_R.prefab	ForwardGrip_R	1	1	1	Universal Render Pipeline/Lit	388	0.045	0.116	0.107	0	1	0	
MW4	Assets/ThirdParty/Low Poly Weapon Pack 4_MW_1/Prefabs/Previous/Attachments/UnderBarrels/ForwardGrips/ForwardGrip_S.prefab	ForwardGrip_S	1	1	1	Universal Render Pipeline/Lit	360	0.050	0.105	0.064	0	1	0	
MW4	Assets/ThirdParty/Low Poly Weapon Pack 4_MW_1/Prefabs/Previous/Attachments/UnderBarrels/ForwardGrips/ForwardGrip_S_2.prefab	ForwardGrip_S_2	1	1	1	Universal Render Pipeline/Lit	690	0.050	0.126	0.064	0	1	0	
MW4	Assets/ThirdParty/Low Poly Weapon Pack 4_MW_1/Prefabs/Previous/Attachments/UnderBarrels/ForwardGrips/ForwardGrip_T.prefab	ForwardGrip_T	1	1	1	Universal Render Pipeline/Lit	892	0.048	0.164	0.058	0	1	0	
MW4	Assets/ThirdParty/Low Poly Weapon Pack 4_MW_1/Prefabs/Previous/Attachments/UnderBarrels/ForwardGrips/ForwardGrip_U.prefab	ForwardGrip_U	1	1	1	Universal Render Pipeline/Lit	528	0.045	0.113	0.121	0	1	0	
MW4	Assets/ThirdParty/Low Poly Weapon Pack 4_MW_1/Prefabs/Previous/Attachments/UnderBarrels/ForwardGrips/ForwardGrip_V.prefab	ForwardGrip_V	1	1	1	Universal Render Pipeline/Lit	740	0.045	0.079	0.176	0	1	0	
MW4	Assets/ThirdParty/Low Poly Weapon Pack 4_MW_1/Prefabs/Previous/Attachments/UnderBarrels/GrenadeLaunchers/GrenadeLauncher_A.prefab	GrenadeLauncher_A	3	3	1	Universal Render Pipeline/Lit	1790	0.065	0.155	0.416	2	0	0	GrenadeLauncher_A_Part,GrenadeLauncher_A_Trigger
MW4	Assets/ThirdParty/Low Poly Weapon Pack 4_MW_1/Prefabs/Previous/Attachments/UnderBarrels/GrenadeLaunchers/GrenadeLauncher_B.prefab	GrenadeLauncher_B	2	2	1	Universal Render Pipeline/Lit	1430	0.057	0.138	0.425	1	0	0	GrenadeLauncher_B_Trigger
MW4	Assets/ThirdParty/Low Poly Weapon Pack 4_MW_1/Prefabs/Previous/Bullets/Bullets/Bullet_A.prefab	Bullet_A	2	2	1	Universal Render Pipeline/Lit	172	0.012	0.014	0.074	1	0	0	Bullet_A_Part
MW4	Assets/ThirdParty/Low Poly Weapon Pack 4_MW_1/Prefabs/Previous/Bullets/Bullets/Bullet_B.prefab	Bullet_B	2	2	1	Universal Render Pipeline/Lit	268	0.012	0.014	0.072	1	0	0	Bullet_B_Part
MW4	Assets/ThirdParty/Low Poly Weapon Pack 4_MW_1/Prefabs/Previous/Bullets/Bullets/Bullet_Belt.prefab	Bullet_Belt	1	1	1	Universal Render Pipeline/Lit	104	0.018	0.016	0.018	0	0	0	
MW4	Assets/ThirdParty/Low Poly Weapon Pack 4_MW_1/Prefabs/Previous/Bullets/Bullets/Bullet_C.prefab	Bullet_C	2	2	1	Universal Render Pipeline/Lit	196	0.012	0.014	0.075	1	0	0	Bullet_C_Part
MW4	Assets/ThirdParty/Low Poly Weapon Pack 4_MW_1/Prefabs/Previous/Bullets/Bullets/Bullet_D.prefab	Bullet_D	2	2	1	Universal Render Pipeline/Lit	184	0.012	0.014	0.065	1	0	0	Bullet_D_Part
MW4	Assets/ThirdParty/Low Poly Weapon Pack 4_MW_1/Prefabs/Previous/Bullets/Bullets_Pistol/Bullet_Pistol_A.prefab	Bullet_Pistol_A	2	2	1	Universal Render Pipeline/Lit	148	0.012	0.013	0.032	1	0	0	Bullet_Pistol_A_Part
MW4	Assets/ThirdParty/Low Poly Weapon Pack 4_MW_1/Prefabs/Previous/Bullets/Bullets_Pistol/Bullet_Pistol_B.prefab	Bullet_Pistol_B	2	2	1	Universal Render Pipeline/Lit	196	0.012	0.013	0.032	1	0	0	Bullet_Pistol_B_Part
MW4	Assets/ThirdParty/Low Poly Weapon Pack 4_MW_1/Prefabs/Previous/Bullets/Bullets_Pistol/Bullet_Pistol_C.prefab	Bullet_Pistol_C	2	2	1	Universal Render Pipeline/Lit	172	0.012	0.013	0.033	1	0	0	Bullet_Pistol_C_Part
MW4	Assets/ThirdParty/Low Poly Weapon Pack 4_MW_1/Prefabs/Previous/Bullets/Bullets_Pistol/Bullet_Pistol_D.prefab	Bullet_Pistol_D	2	2	1	Universal Render Pipeline/Lit	184	0.012	0.013	0.032	1	0	0	Bullet_Pistol_D_Part
MW4	Assets/ThirdParty/Low Poly Weapon Pack 4_MW_1/Prefabs/Previous/Bullets/Bullets_Recon/Bullet_Recon_A.prefab	Bullet_Recon_A	2	2	1	Universal Render Pipeline/Lit	184	0.018	0.021	0.105	1	0	0	Bullet_Recon_A_Part
MW4	Assets/ThirdParty/Low Poly Weapon Pack 4_MW_1/Prefabs/Previous/Bullets/Bullets_Recon/Bullet_Recon_B.prefab	Bullet_Recon_B	2	2	1	Universal Render Pipeline/Lit	280	0.018	0.021	0.098	1	0	0	Bullet_Recon_B_Part
MW4	Assets/ThirdParty/Low Poly Weapon Pack 4_MW_1/Prefabs/Previous/Bullets/Bullets_Recon/Bullet_Recon_C.prefab	Bullet_Recon_C	2	2	1	Universal Render Pipeline/Lit	208	0.018	0.021	0.105	1	0	0	Bullet_Recon_C_Part
MW4	Assets/ThirdParty/Low Poly Weapon Pack 4_MW_1/Prefabs/Previous/Bullets/Bullets_Recon/Bullet_Recon_D.prefab	Bullet_Recon_D	2	2	1	Universal Render Pipeline/Lit	232	0.018	0.021	0.103	1	0	0	Bullet_Recon_D_Part
MW4	Assets/ThirdParty/Low Poly Weapon Pack 4_MW_1/Prefabs/Previous/Bullets/Bullets_ShotGun/Bullet_ShotGun_A.prefab	Bullet_ShotGun_A	1	1	1	Universal Render Pipeline/Lit	164	0.024	0.028	0.081	0	0	0	
MW4	Assets/ThirdParty/Low Poly Weapon Pack 4_MW_1/Prefabs/Previous/Bullets/Bullets_ShotGun/Bullet_ShotGun_B.prefab	Bullet_ShotGun_B	1	1	1	Universal Render Pipeline/Lit	188	0.024	0.028	0.081	0	0	0	
MW4	Assets/ThirdParty/Low Poly Weapon Pack 4_MW_1/Prefabs/Previous/Bullets/Bullets_ShotGun/Bullet_ShotGun_C.prefab	Bullet_ShotGun_C	1	1	1	Universal Render Pipeline/Lit	476	0.024	0.028	0.081	0	0	0	
MW4	Assets/ThirdParty/Low Poly Weapon Pack 4_MW_1/Prefabs/Previous/Bullets/Bullets_ShotGun/Bullet_ShotGun_D.prefab	Bullet_ShotGun_D	1	1	1	Universal Render Pipeline/Lit	240	0.024	0.028	0.081	0	0	0	
MW4	Assets/ThirdParty/Low Poly Weapon Pack 4_MW_1/Prefabs/Previous/Bullets/Bullets_SMG/Bullet_SMG_A.prefab	Bullet_SMG_A	2	2	1	Universal Render Pipeline/Lit	148	0.013	0.015	0.033	1	0	0	Bullet_SMG_A_Part
MW4	Assets/ThirdParty/Low Poly Weapon Pack 4_MW_1/Prefabs/Previous/Bullets/Bullets_SMG/Bullet_SMG_B.prefab	Bullet_SMG_B	2	2	1	Universal Render Pipeline/Lit	196	0.013	0.015	0.033	1	0	0	Bullet_SMG_B_Part
MW4	Assets/ThirdParty/Low Poly Weapon Pack 4_MW_1/Prefabs/Previous/Bullets/Bullets_SMG/Bullet_SMG_C.prefab	Bullet_SMG_C	2	2	1	Universal Render Pipeline/Lit	172	0.013	0.015	0.034	1	0	0	Bullet_SMG_C_Part
MW4	Assets/ThirdParty/Low Poly Weapon Pack 4_MW_1/Prefabs/Previous/Bullets/Bullets_SMG/Bullet_SMG_D.prefab	Bullet_SMG_D	2	2	1	Universal Render Pipeline/Lit	184	0.013	0.015	0.034	1	0	0	Bullet_SMG_D_Part
MW4	Assets/ThirdParty/Low Poly Weapon Pack 4_MW_1/Prefabs/Previous/Bullets/Grenades/Grenade_A.prefab	Grenade_A	2	2	1	Universal Render Pipeline/Lit	280	0.035	0.041	0.065	1	0	0	Grenade_A_Part
MW4	Assets/ThirdParty/Low Poly Weapon Pack 4_MW_1/Prefabs/Previous/Bullets/Grenades/Grenade_B.prefab	Grenade_B	2	2	1	Universal Render Pipeline/Lit	280	0.035	0.041	0.065	1	0	0	Grenade_B_Part
MW4	Assets/ThirdParty/Low Poly Weapon Pack 4_MW_1/Prefabs/Weapons/AR_T.prefab	AR_T	11	11	1	Universal Render Pipeline/Lit	10302	0.104	0.306	0.640	11	1	0	AR_T_Barrel,AR_T_BarrelGuard,AR_T_Bolt,AR_T_Grip,AR_T_Mag,AR_T_Rail
MW4	Assets/ThirdParty/Low Poly Weapon Pack 4_MW_1/Prefabs/Weapons/AR_U.prefab	AR_U	12	12	1	Universal Render Pipeline/Lit	11484	0.091	0.301	0.554	12	1	0	AR_U_Barrel,AR_U_BarrelGuard,AR_U_BarrelGuard_Rail,AR_U_Bolt,AR_U_Grip,AR_U_Mag
MW4	Assets/ThirdParty/Low Poly Weapon Pack 4_MW_1/Prefabs/Weapons/Pistol_P.prefab	Pistol_P	6	6	1	Universal Render Pipeline/Lit	6084	0.046	0.283	0.280	6	0	0	Pistol_P_Barrel,Pistol_P_Bolt,Pistol_P_Mag,Pistol_P_Rail,Pistol_P_Receiver,Pistol_P_Trigger
MW4	Assets/ThirdParty/Low Poly Weapon Pack 4_MW_1/Prefabs/Weapons/Recon_P.prefab	Recon_P	11	11	1	Universal Render Pipeline/Lit	11700	0.106	0.240	0.889	11	1	0	Recon_P_Barrel,Recon_P_Bipod,Recon_P_Bipod_Left,Recon_P_Bipod_Right,Recon_P_Bolt,Recon_P_Grip
MW4	Assets/ThirdParty/Low Poly Weapon Pack 4_MW_1/Prefabs/Weapons/SMG_P.prefab	SMG_P	10	10	1	Universal Render Pipeline/Lit	10510	0.059	0.336	0.593	10	0	0	SMG_P_Barrel,SMG_P_BarrelGuard,SMG_P_BarrelGuard_Rail,SMG_P_Bolt,SMG_P_Mag,SMG_P_Receiver_Down
MW4	Assets/ThirdParty/Low Poly Weapon Pack 4_MW_1/Prefabs/Weapons/Weapons_PreSet/AR_T_PreSet.prefab	AR_T_PreSet	23	23	2	Universal Render Pipeline/Lit	22606	0.113	0.306	0.640	23	1	1	AR_T_Barrel,AR_T_BarrelGuard,AR_T_Bolt,AR_T_Grip,AR_T_Mag,AR_T_Rail
MW4	Assets/ThirdParty/Low Poly Weapon Pack 4_MW_1/Prefabs/Weapons/Weapons_PreSet/AR_U_PreSet.prefab	AR_U_PreSet	18	18	2	Universal Render Pipeline/Lit	17308	0.091	0.301	0.554	18	2	1	AR_U_Barrel,AR_U_BarrelGuard,AR_U_BarrelGuard_Rail,AR_U_Bolt,AR_U_Grip,AR_U_Mag
MW4	Assets/ThirdParty/Low Poly Weapon Pack 4_MW_1/Prefabs/Weapons/Weapons_PreSet/Pistol_P_PreSet.prefab	Pistol_P_PreSet	10	10	2	Universal Render Pipeline/Lit	7888	0.046	0.283	0.334	10	0	1	Pistol_P_Barrel,Pistol_P_Bolt,Pistol_P_Mag,Pistol_P_Rail,Pistol_P_Receiver,Pistol_P_Trigger
MW4	Assets/ThirdParty/Low Poly Weapon Pack 4_MW_1/Prefabs/Weapons/Weapons_PreSet/Recon_P_PreSet.prefab	Recon_P_PreSet	14	14	2	Universal Render Pipeline/Lit	16610	0.106	0.272	0.889	14	1	1	Recon_P_Barrel,Recon_P_Bipod,Recon_P_Bipod_Left,Recon_P_Bipod_Right,Recon_P_Bolt,Recon_P_Grip
MW4	Assets/ThirdParty/Low Poly Weapon Pack 4_MW_1/Prefabs/Weapons/Weapons_PreSet/SMG_P_PreSet.prefab	SMG_P_PreSet	16	16	2	Universal Render Pipeline/Lit	16938	0.072	0.336	0.593	16	1	1	SMG_P_Barrel,SMG_P_BarrelGuard,SMG_P_BarrelGuard_Rail,SMG_P_Bolt,SMG_P_Mag,SMG_P_Receiver_Down
WeaponsVol1	Assets/ThirdParty/Low Poly Weapons VOL.1/Prefabs/AK74.prefab	AK74	4	4	1	StylizedToonWorldKit/Toon/Toon Lit	5130	0.079	0.350	1.156	3	0	0	Bolt,Mag,Trigger
WeaponsVol1	Assets/ThirdParty/Low Poly Weapons VOL.1/Prefabs/ANPEQ15.prefab	ANPEQ15	1	1	1	StylizedToonWorldKit/Toon/Toon Lit	748	0.053	0.028	0.102	0	0	0	
WeaponsVol1	Assets/ThirdParty/Low Poly Weapons VOL.1/Prefabs/Bennelli_M4.prefab	Bennelli_M4	3	3	1	StylizedToonWorldKit/Toon/Toon Lit	2133	0.082	0.302	1.465	2	0	0	Pump,Trigger
WeaponsVol1	Assets/ThirdParty/Low Poly Weapons VOL.1/Prefabs/ELCAN.prefab	ELCAN	1	1	1	StylizedToonWorldKit/Toon/Toon Lit	1179	0.054	0.081	0.163	0	0	0	
WeaponsVol1	Assets/ThirdParty/Low Poly Weapons VOL.1/Prefabs/Flash.prefab	Flash	2	2	1	StylizedToonWorldKit/Toon/Toon Lit	1162	0.038	0.126	0.044	1	0	0	Pin
WeaponsVol1	Assets/ThirdParty/Low Poly Weapons VOL.1/Prefabs/M2_50cal.prefab	M2_50cal	7	7	1	StylizedToonWorldKit/Toon/Toon Lit	8028	0.981	0.651	1.891	8	0	0	CINEMA_4D_Editor,M2,1,Gun,Bolt,Magazin
WeaponsVol1	Assets/ThirdParty/Low Poly Weapons VOL.1/Prefabs/M4_8.prefab	M4_8	6	6	1	StylizedToonWorldKit/Toon/Toon Lit	7866	0.060	0.219	0.724	5	0	0	Bolt,Mag,Rear_Sight,Sight,Trigger
WeaponsVol1	Assets/ThirdParty/Low Poly Weapons VOL.1/Prefabs/M107.prefab	M107	4	4	1	StylizedToonWorldKit/Toon/Toon Lit	3836	0.087	0.208	1.235	3	0	0	Bolt,Magazin,Trigger
WeaponsVol1	Assets/ThirdParty/Low Poly Weapons VOL.1/Prefabs/M249.prefab	M249	5	5	1	StylizedToonWorldKit/Toon/Toon Lit	11614	0.260	0.351	1.292	4	0	0	Bolt,Magazin,Slide,Trigger
WeaponsVol1	Assets/ThirdParty/Low Poly Weapons VOL.1/Prefabs/M1911.prefab	M1911	5	5	1	StylizedToonWorldKit/Toon/Toon Lit	2432	0.030	0.178	0.360	6	0	0	CINEMA_4D_Editor,M1911,Hammer,Magazin,Slide,Trigger
WeaponsVol1	Assets/ThirdParty/Low Poly Weapons VOL.1/Prefabs/RGD-5.prefab	RGD-5	3	3	1	StylizedToonWorldKit/Toon/Toon Lit	496	0.071	0.215	0.069	2	0	0	Pin,01
WeaponsVol1	Assets/ThirdParty/Low Poly Weapons VOL.1/Prefabs/RPG7.prefab	RPG7	3	3	1	StylizedToonWorldKit/Toon/Toon Lit	1232	0.138	0.301	1.511	2	0	0	Rocket,Trigger
WeaponsVol1	Assets/ThirdParty/Low Poly Weapons VOL.1/Prefabs/Smoke.prefab	Smoke	2	2	1	StylizedToonWorldKit/Toon/Toon Lit	614	0.081	0.152	0.083	1	0	0	Pin
WeaponsVol1	Assets/ThirdParty/Low Poly Weapons VOL.1/Prefabs/SR_Scope_00.prefab	SR_Scope_00	1	1	1	StylizedToonWorldKit/Toon/Toon Lit	1576	0.057	0.103	0.159	2	0	0	CINEMA_4D_Editor,SR_Scope_00
WeaponsVol1	Assets/ThirdParty/Low Poly Weapons VOL.1/Prefabs/TAN_LR_Scope_01.prefab	TAN_LR_Scope_01	2	2	1	StylizedToonWorldKit/Toon/Toon Lit	1204	0.047	0.058	0.292	1	0	0	Rings
WeaponsVol1	Assets/ThirdParty/Low Poly Weapons VOL.1/Prefabs/Uzi.prefab	Uzi	6	6	1	StylizedToonWorldKit/Toon/Toon Lit	2744	0.036	0.223	0.372	5	0	0	Bolt,Magazin,Stock,Stock_01,Trigger
Project	Assets/_Project/Prefabs/Weapons/WPN_AssaultRifle_AK47.prefab	WPN_AssaultRifle_AK47	9	9	1	StylizedToonWorldKit/Toon/Toon Lit	5620	0.100	0.271	0.537	12	3	1	AR_B_Barrel,AR_B_BarrelGuard,AR_B_Bolt,AR_B_Grip,AR_B_Mag,AR_B_Rail
Project	Assets/_Project/Prefabs/Weapons/WPN_AssaultRifle_FAMAS.prefab	WPN_AssaultRifle_FAMAS	6	6	1	StylizedToonWorldKit/Toon/Toon Lit	3664	0.072	0.334	0.862	9	2	1	AR_E_Barrel,AR_E_Bolt,AR_E_Mag,AR_E_Rail,AR_E_Receiver,AR_E_Trigger
Project	Assets/_Project/Prefabs/Weapons/WPN_AssaultRifle_G36C.prefab	WPN_AssaultRifle_G36C	12	12	1	StylizedToonWorldKit/Toon/Toon Lit	6348	0.078	0.268	0.605	15	2	1	AR_D_Barrel,AR_D_BarrelGuard,AR_D_BarrelGuard_Rail,AR_D_Bolt,AR_D_Bolt_Part,AR_D_Mag
Project	Assets/_Project/Prefabs/Weapons/WPN_AssaultRifle_Generic.prefab	WPN_AssaultRifle_Generic	4	4	1	StylizedToonWorldKit/Toon/Toon Lit	5130	0.079	0.350	1.156	6	2	1	Bolt,Mag,Trigger,MuzzlePoint,RightHandGrip,LeftHandGrip
Project	Assets/_Project/Prefabs/Weapons/WPN_AssaultRifle_M4A1.prefab	WPN_AssaultRifle_M4A1	12	12	1	StylizedToonWorldKit/Toon/Toon Lit	8104	0.096	0.331	0.629	15	3	1	AR_A_Barrel,AR_A_BarrelGuard,AR_A_BarrelGuard_Rail,AR_A_Bolt,AR_A_Grip,AR_A_Mag
Project	Assets/_Project/Prefabs/Weapons/WPN_AssaultRifle_SCARL.prefab	WPN_AssaultRifle_SCARL	13	13	1	StylizedToonWorldKit/Toon/Toon Lit	7602	0.104	0.243	0.636	16	3	1	AR_C_Barrel,AR_C_Sight_Forward,AR_C_Bolt,AR_C_Grip,AR_C_Mag,AR_C_Rail
Project	Assets/_Project/Prefabs/Weapons/WPN_LMG_Generic.prefab	WPN_LMG_Generic	5	5	1	StylizedToonWorldKit/Toon/Toon Lit	11614	0.260	0.351	1.292	7	2	1	Bolt,Magazin,Slide,Trigger,MuzzlePoint,RightHandGrip
Project	Assets/_Project/Prefabs/Weapons/WPN_Marksman_SniperGeneric.prefab	WPN_Marksman_SniperGeneric	4	4	1	StylizedToonWorldKit/Toon/Toon Lit	3836	0.087	0.208	1.235	6	2	1	Bolt,Magazin,Trigger,MuzzlePoint,RightHandGrip,LeftHandGrip
Project	Assets/_Project/Prefabs/Weapons/WPN_Shotgun_AA12.prefab	WPN_Shotgun_AA12	10	10	1	StylizedToonWorldKit/Toon/Toon Lit	4506	0.059	0.304	0.867	13	3	1	ShotGun_A_Barrel,ShotGun_A_Bolt,ShotGun_A_Grip,ShotGun_A_Mag,ShotGun_A_Rail,ShotGun_A_Receiver
Project	Assets/_Project/Prefabs/Weapons/WPN_Shotgun_BenelliM4.prefab	WPN_Shotgun_BenelliM4	3	3	1	StylizedToonWorldKit/Toon/Toon Lit	2133	0.082	0.302	1.465	5	2	1	Pump,Trigger,RightHandGrip,LeftHandGrip,MuzzlePoint
Project	Assets/_Project/Prefabs/Weapons/WPN_Shotgun_DoubleBarrel.prefab	WPN_Shotgun_DoubleBarrel	6	6	1	StylizedToonWorldKit/Toon/Toon Lit	2262	0.065	0.235	1.162	9	2	1	ShotGun_E_Barrel,ShotGun_E_BarrelGuard,ShotGun_E_Bolt,ShotGun_E_Rail,ShotGun_E_Receiver,ShotGun_E_Trigger
Project	Assets/_Project/Prefabs/Weapons/WPN_Shotgun_Generic.prefab	WPN_Shotgun_Generic	3	3	1	StylizedToonWorldKit/Toon/Toon Lit	2133	0.082	0.302	1.465	5	2	1	Pump,Trigger,MuzzlePoint,RightHandGrip,LeftHandGrip
Project	Assets/_Project/Prefabs/Weapons/WPN_Shotgun_Mossberg500.prefab	WPN_Shotgun_Mossberg500	9	9	1	StylizedToonWorldKit/Toon/Toon Lit	2964	0.070	0.184	0.626	12	2	1	ShotGun_B_Barrel,ShotGun_B_BarrelGuard,ShotGun_B_Mag,ShotGun_B_Rail,ShotGun_B_Receiver,ShotGun_B_Sight_Back
Project	Assets/_Project/Prefabs/Weapons/WPN_Shotgun_SPAS12.prefab	WPN_Shotgun_SPAS12	12	12	1	StylizedToonWorldKit/Toon/Toon Lit	4532	0.077	0.199	0.595	15	3	1	ShotGun_C_Barrel,ShotGun_C_BarrelGuard,ShotGun_C_Bolt,ShotGun_C_Grip,ShotGun_C_Mag,ShotGun_C_Rail
Project	Assets/_Project/Prefabs/Weapons/WPN_Sidearm_BerettaM9.prefab	WPN_Sidearm_BerettaM9	6	6	1	StylizedToonWorldKit/Toon/Toon Lit	2680	0.036	0.171	0.315	9	2	1	Pistol_E_Barrel,Pistol_E_BarrelGuard,Pistol_E_Bolt,Pistol_E_Mag,Pistol_E_Receiver,Pistol_E_Trigger
Project	Assets/_Project/Prefabs/Weapons/WPN_Sidearm_DesertEagle.prefab	WPN_Sidearm_DesertEagle	8	8	1	StylizedToonWorldKit/Toon/Toon Lit	3532	0.051	0.148	0.193	11	3	1	Pistol_G_Barrel,Pistol_G_BarrelGuard,Pistol_G_Bolt,Pistol_G_Grip,Pistol_G_Receiver,Pistol_G_Receiver_Part
Project	Assets/_Project/Prefabs/Weapons/WPN_Sidearm_FiveSeven.prefab	WPN_Sidearm_FiveSeven	6	6	1	StylizedToonWorldKit/Toon/Toon Lit	2942	0.038	0.246	0.268	9	2	1	Pistol_H_Barrel,Pistol_H_BarrelGuard,Pistol_H_Mag,Pistol_H_Receiver,Pistol_H_Sight,Pistol_H_Trigger
Project	Assets/_Project/Prefabs/Weapons/WPN_Sidearm_Glock19.prefab	WPN_Sidearm_Glock19	5	5	1	StylizedToonWorldKit/Toon/Toon Lit	2516	0.036	0.176	0.355	8	2	1	Pistol_B_Barrel,Pistol_B_BarrelGuard,Pistol_B_Mag,Pistol_B_Receiver,Pistol_B_Trigger,MuzzlePoint
Project	Assets/_Project/Prefabs/Weapons/WPN_Sidearm_M1911.prefab	WPN_Sidearm_M1911	6	6	1	StylizedToonWorldKit/Toon/Toon Lit	3092	0.041	0.166	0.353	9	2	1	Pistol_D_Barrel,Pistol_D_Bolt,Pistol_D_Mag,Pistol_D_Receiver,Pistol_D_Receiver_Part,Pistol_D_Trigger
Project	Assets/_Project/Prefabs/Weapons/WPN_Sidearm_Makarov.prefab	WPN_Sidearm_Makarov	7	7	1	StylizedToonWorldKit/Toon/Toon Lit	2958	0.043	0.254	0.290	10	2	1	Pistol_I_Barrel,Pistol_I_BarrelGuard,Pistol_I_Bolt,Pistol_I_Mag,Pistol_I_Receiver,Pistol_I_Sight
Project	Assets/_Project/Prefabs/Weapons/WPN_Sidearm_P226.prefab	WPN_Sidearm_P226	6	6	1	StylizedToonWorldKit/Toon/Toon Lit	2330	0.037	0.169	0.348	9	2	1	Pistol_C_Barrel,Pistol_C_BarrelGuard,Pistol_C_Bolt,Pistol_C_Mag,Pistol_C_Receiver,Pistol_C_Trigger
Project	Assets/_Project/Prefabs/Weapons/WPN_Sidearm_PistolA.prefab	WPN_Sidearm_PistolA	6	6	1	StylizedToonWorldKit/Toon/Toon Lit	3120	0.050	0.215	0.386	9	2	1	Pistol_A_Barrel,Pistol_A_BarrelGuard,Pistol_A_Bolt,Pistol_A_Mag,Pistol_A_Receiver,Pistol_A_Trigger
Project	Assets/_Project/Prefabs/Weapons/WPN_Sidearm_Python357.prefab	WPN_Sidearm_Python357	7	7	1	StylizedToonWorldKit/Toon/Toon Lit	2874	0.039	0.270	0.292	10	2	1	Pistol_J_Barrel,Pistol_J_BarrelGuard,Pistol_J_Bolt,Pistol_J_Mag,Pistol_J_Receiver,Pistol_J_Sight
Project	Assets/_Project/Prefabs/Weapons/WPN_Sidearm_USP45.prefab	WPN_Sidearm_USP45	7	7	1	StylizedToonWorldKit/Toon/Toon Lit	3482	0.039	0.249	0.263	10	2	1	Pistol_F_Barrel,Pistol_F_BarrelGuard,Pistol_F_BarrelGuard.001,Pistol_F_Bolt,Pistol_F_Mag,Pistol_F_Receiver
Project	Assets/_Project/Prefabs/Weapons/WPN_SMG_Generic.prefab	WPN_SMG_Generic	6	6	1	StylizedToonWorldKit/Toon/Toon Lit	2744	0.036	0.223	0.372	8	2	1	Bolt,Magazin,Stock,Stock_01,Trigger,MuzzlePoint
