t,hp,level,kills,alive,ranged,elites,tier,coin,skills,stats,surging,danger,xp_gained,xp_dropped,orbs_floor
0,100,1,0,0,0,0,0,0,0,0,0,0.00,0,0,0
1,100,1,0,1,0,0,0,0,0,0,0,0.00,0,0,0
2,100,1,0,5,0,0,0,0,0,0,0,0.01,0,0,0
4,100,1,0,8,0,0,0,0,0,0,0,0.00,0,0,0
5,100,1,0,10,0,0,0,0,0,0,0,0.02,0,0,0
6,100,1,1,12,0,0,0,1,0,0,0,0.09,0,1,1
7,100,1,2,12,0,0,0,2,0,0,0,0.20,0,2,2
8,100,1,4,11,0,0,0,5,0,0,0,0.17,0,5,4
9,100,1,4,13,0,0,0,5,0,0,0,0.16,0,5,4
11,100,1,6,12,0,0,0,7,0,0,0,2.61,2,7,4
12,100,1,7,13,0,0,0,9,0,0,0,0.13,2,9,5
13,100,1,8,10,0,0,0,10,0,0,0,1.26,2,10,6
14,100,1,8,10,0,0,0,10,0,0,0,0.09,2,10,6
15,100,1,9,8,0,0,0,11,0,0,0,0.20,2,11,7
16,100,1,11,11,0,0,0,14,0,0,0,0.28,2,14,9
17,100,1,12,11,0,0,0,15,0,0,0,0.15,2,15,10
18,100,1,14,12,0,0,0,18,0,0,0,0.00,2,18,12
19,100,1,14,9,0,0,0,18,0,0,0,0.03,3,18,11
20,100,1,16,12,0,0,0,21,0,0,0,0.04,6,21,11
21,100,1,16,11,0,0,0,21,0,0,0,0.06,8,21,10
22,100,1,17,12,0,0,0,22,0,0,0,0.05,9,22,10
23,100,1,18,10,0,0,0,23,0,0,0,0.16,9,23,11
24,100,1,20,12,0,0,0,25,0,0,0,0.26,10,25,12
25,100,1,21,11,0,0,0,26,0,0,0,0.24,10,26,13
26,100,1,23,16,0,0,0,29,0,0,0,0.19,10,29,15
27,100,1,24,15,0,0,0,30,0,0,0,1.03,10,30,16
28,100,1,24,11,0,0,0,30,0,0,0,0.59,10,30,16
29,100,1,26,11,0,0,0,32,0,0,0,0.23,10,32,18
30,100,1,27,11,0,0,0,33,0,0,0,0.06,10,33,19
31,100,1,28,11,0,0,0,34,0,0,0,0.07,10,34,20
32,100,1,29,9,0,0,0,35,0,0,0,0.10,11,35,20
33,100,1,31,11,0,0,0,37,0,0,0,0.23,11,37,22
34,100,1,31,13,0,0,0,37,0,0,0,0.07,11,37,22
35,100,1,31,14,0,0,0,37,0,0,0,0.12,11,37,22
36,100,1,32,11,0,0,0,38,0,0,0,0.28,12,38,22
38,100,1,34,15,0,0,0,40,0,0,0,0.13,12,40,24
39,100,1,35,16,0,0,0,41,0,0,0,0.03,13,41,24
40,100,1,35,19,0,0,0,41,0,0,0,0.06,13,41,24
41,100,1,36,21,0,0,0,42,0,0,0,0.24,13,42,25
42,100,1,37,21,0,0,0,43,0,0,0,0.04,13,43,26
44,100,2,38,19,0,0,0,44,1,0,0,0.09,14,44,26
45,100,2,40,17,0,0,0,46,1,0,0,0.09,15,46,27
46,100,2,41,16,0,0,0,47,1,0,0,0.07,15,47,28
47,100,2,43,17,0,0,0,50,1,0,0,0.93,17,50,28
48,100,2,44,15,0,0,0,51,1,0,0,0.11,17,51,29
49,100,2,48,17,0,0,0,55,1,0,0,0.23,19,55,32
50,100,2,51,18,0,0,0,58,1,0,0,2.37,20,58,34
51,100,2,51,19,0,0,0,58,1,0,0,1.06,23,58,31
52,100,2,53,13,0,0,0,61,1,0,0,0.22,23,61,33
53,100,2,54,14,0,0,0,63,1,0,0,0.10,23,63,34
54,100,2,55,14,0,0,0,64,1,0,0,0.11,25,64,34
55,100,2,56,12,0,0,0,65,1,0,0,0.12,25,65,35
56,100,2,57,12,0,0,0,66,1,0,0,0.07,25,66,36
57,100,2,58,13,0,0,0,67,1,0,0,0.10,26,67,36
58,100,2,61,14,0,0,0,70,1,0,0,0.17,27,70,38
59,100,2,63,16,0,0,0,72,1,0,0,0.02,28,72,39
60,100,2,66,18,0,0,0,75,1,0,0,0.20,28,75,42
61,100,2,67,15,0,0,0,76,1,0,0,0.01,29,76,42
63,100,2,68,14,0,0,0,77,1,0,0,0.13,29,77,43
64,100,2,70,12,0,0,0,79,1,0,0,0.06,30,79,44
65,100,2,71,14,0,0,0,80,1,0,0,2.67,31,80,44
66,100,2,72,12,0,0,0,81,1,0,0,0.19,31,81,45
67,100,2,74,17,0,0,0,83,1,0,0,0.28,31,83,47
68,100,2,75,20,0,0,0,84,1,0,0,0.15,31,84,48
69,100,2,78,19,0,0,0,87,1,0,0,0.08,32,87,50
70,100,2,79,20,0,0,0,89,1,0,0,0.08,32,89,51
71,100,2,80,15,0,0,0,90,1,0,0,0.09,33,90,51
72,100,3,82,17,0,0,0,92,2,0,0,0.35,36,92,51
74,100,3,83,16,0,0,0,93,2,0,0,0.10,36,93,52
75,100,3,83,14,0,0,0,93,2,0,0,5.04,36,93,52
76,94,3,84,11,0,0,0,94,2,0,0,0.62,36,94,53
77,94,3,86,16,0,0,0,96,2,0,0,0.38,36,96,55
78,94,3,86,14,0,0,0,96,2,0,0,0.11,36,96,55
79,95,3,87,13,0,0,0,98,2,0,0,0.16,36,98,56
80,97,3,89,14,0,0,0,101,2,0,0,0.28,38,101,56
81,99,3,91,16,0,0,0,105,2,0,0,0.11,38,105,58
82,100,3,92,14,0,0,0,106,2,0,0,0.21,38,106,59
83,100,3,93,14,0,0,0,107,2,0,0,0.05,39,107,59
84,100,3,93,12,0,0,0,107,2,0,0,0.04,39,107,59
85,100,3,94,14,0,0,0,108,2,0,0,0.01,41,108,58
86,100,3,96,17,0,0,0,110,2,0,0,0.18,45,110,57
87,100,3,97,18,0,0,0,112,2,0,0,2.21,46,112,57
88,100,3,98,18,0,0,0,113,2,0,0,0.07,46,113,58
89,100,3,100,17,0,0,0,116,2,0,0,0.08,48,116,59
90,100,3,102,19,0,0,1,118,2,0,0,0.20,48,118,60
91,100,3,104,19,0,0,1,120,2,0,0,0.30,48,120,60
92,100,3,106,21,0,0,1,123,2,0,0,0.31,49,123,60
93,100,3,108,20,0,0,1,126,2,0,0,0.30,49,126,61
94,100,3,110,20,0,0,1,128,2,0,0,0.08,49,128,62
95,100,3,113,20,0,0,1,132,2,0,0,0.25,51,132,60
96,100,3,115,22,0,0,1,135,2,0,0,0.16,51,135,60
97,100,3,118,22,0,0,1,138,2,0,0,0.98,51,138,62
98,100,3,120,20,0,0,1,140,2,0,0,0.39,51,140,62
99,100,3,120,17,0,0,1,140,2,0,0,0.16,51,140,62
100,100,3,120,15,0,0,1,140,2,0,1,0.18,51,140,62
101,100,3,122,23,0,0,1,142,2,0,1,0.17,55,142,61
102,100,3,123,25,0,0,1,143,2,0,1,0.26,55,143,61
103,100,3,124,26,0,0,1,144,2,0,1,0.44,57,144,60
104,100,3,127,33,0,0,1,147,2,0,1,0.35,59,147,60
105,100,3,130,35,0,0,1,150,2,0,1,0.24,59,150,60
106,100,3,131,38,0,0,1,151,2,0,1,0.33,59,151,60
107,100,3,132,35,0,0,1,152,2,0,1,0.00,59,152,60
108,100,3,132,34,0,0,1,152,2,0,1,0.04,59,152,60
109,100,3,134,40,0,0,1,154,2,0,1,0.24,60,154,60
110,100,3,136,48,0,0,1,157,2,0,0,0.24,60,157,60
111,100,3,137,46,0,0,1,158,2,0,0,0.27,60,158,60
112,100,3,138,43,0,0,1,159,2,0,0,0.20,60,159,60
113,100,3,141,44,0,0,1,163,2,0,0,0.21,60,163,61
114,100,3,142,47,0,0,1,164,2,0,0,0.22,60,164,61
115,100,3,145,46,0,0,1,167,2,0,0,0.09,60,167,62
116,100,3,148,45,0,0,1,170,2,0,0,0.24,60,170,62
118,100,3,149,46,0,0,1,171,2,0,0,0.35,60,171,62
119,100,4,150,42,0,0,1,172,2,0,0,0.48,64,172,61
120,100,4,152,43,0,0,1,174,2,0,0,1.07,64,174,62
121,100,4,153,42,0,0,1,175,2,0,0,0.43,64,175,62
122,100,4,154,42,0,0,1,176,2,0,0,0.21,64,176,63
123,100,4,156,41,1,0,1,178,2,0,0,0.25,64,178,64
124,100,4,159,42,2,0,1,182,2,0,0,0.18,64,182,64
125,100,4,160,43,2,0,1,183,2,0,0,0.20,64,183,64
126,100,4,163,39,1,0,1,187,2,0,0,0.15,64,187,67
127,100,4,165,37,1,0,1,189,2,0,0,0.27,64,189,68
128,100,4,167,36,1,0,1,191,2,0,0,0.60,64,191,68
129,100,4,168,38,2,0,1,192,2,0,0,0.12,65,192,68
130,100,4,170,34,2,0,1,195,2,0,0,0.23,65,195,68
131,100,4,171,38,2,0,1,196,2,0,0,0.22,65,196,68
132,100,4,173,37,2,0,1,201,2,0,0,0.28,65,201,68
133,100,4,174,34,1,0,1,203,2,0,0,0.24,65,203,69
134,100,4,176,38,2,0,1,205,2,0,0,0.45,65,205,70
135,100,4,178,36,1,0,1,207,2,0,0,0.19,65,207,70
136,100,4,180,35,1,0,1,209,2,0,0,0.43,65,209,71
137,100,4,181,37,2,0,1,210,2,0,0,0.53,65,210,71
138,100,4,183,36,2,0,1,212,2,0,0,0.46,65,212,72
139,100,4,184,36,2,0,1,213,2,0,0,0.23,65,213,72
140,93,4,186,34,2,0,1,215,2,0,0,0.20,65,215,73
141,93,4,188,35,2,0,1,217,2,0,0,0.08,65,217,74
142,93,4,189,30,2,0,1,219,2,0,0,0.16,66,219,74
143,93,4,190,33,2,0,1,220,2,0,0,0.38,66,220,74
144,96,4,192,35,2,0,1,222,2,0,0,0.19,66,222,75
145,98,4,192,32,2,0,1,222,2,0,0,0.50,66,222,75
146,92,4,193,31,2,0,1,223,2,0,0,0.25,66,223,75
147,92,4,194,32,2,0,1,224,2,0,0,0.34,68,224,74
148,92,4,197,36,2,0,1,227,2,0,0,0.29,68,227,74
149,94,4,199,36,2,0,1,229,2,0,0,0.22,68,229,75
150,96,4,200,34,2,0,1,230,2,0,0,1.54,68,230,75
151,99,4,201,32,2,0,1,231,2,0,0,0.40,68,231,76
152,99,4,201,32,2,0,1,231,2,0,0,0.37,68,231,76
153,100,4,203,31,1,0,1,233,2,0,0,0.25,68,233,77
154,100,4,204,30,1,0,1,234,2,0,0,0.14,68,234,77
156,100,4,206,27,1,0,1,236,2,0,0,12.09,68,236,77
157,94,4,207,28,2,0,1,237,2,0,0,2.79,68,237,77
158,88,4,210,29,2,0,1,240,2,0,0,1.41,68,240,78
159,82,4,211,27,1,0,1,241,2,0,0,1.79,68,241,79
160,82,4,212,28,1,0,1,242,2,0,0,0.52,68,242,79
161,82,4,214,31,2,0,1,244,2,0,0,0.24,68,244,80
162,84,4,217,29,1,0,1,247,2,0,0,0.18,68,247,81
163,85,4,219,31,2,0,1,249,2,0,0,0.21,68,249,82
164,79,4,221,28,2,0,1,251,2,0,0,0.28,68,251,84
165,79,4,223,29,2,0,1,253,2,0,0,0.23,69,253,84
166,79,4,224,26,0,0,1,254,2,0,0,0.06,69,254,84
168,81,4,226,19,1,0,1,257,2,0,0,0.05,70,257,83
169,83,4,228,19,1,0,1,259,2,0,0,0.09,72,259,83
170,85,4,229,19,2,0,1,261,2,0,0,0.20,72,261,83
171,87,4,231,18,3,0,1,263,2,0,0,0.04,83,263,81
172,89,4,233,21,3,0,1,265,2,0,0,0.29,83,265,83
173,81,4,235,23,3,0,1,267,2,0,0,0.40,83,267,84
174,81,4,237,22,3,0,1,269,2,0,0,0.01,83,269,85
175,81,4,240,22,3,0,1,272,2,0,1,0.32,85,272,85
176,72,5,242,25,3,0,1,274,2,0,1,0.09,118,274,70
177,72,8,245,21,3,0,1,277,2,0,1,0.38,287,277,2
178,72,8,246,21,3,0,1,279,2,0,1,0.36,287,279,3
179,73,8,247,15,3,0,1,280,2,0,1,0.34,288,280,3
180,75,8,249,21,3,0,2,282,2,0,1,0.28,289,282,4
181,78,8,249,19,2,0,2,282,2,0,1,0.03,289,282,4
182,79,8,251,15,3,0,2,284,2,0,1,0.05,289,284,6
183,73,8,253,23,3,0,2,286,2,0,1,0.21,289,286,8
184,73,8,254,23,3,0,2,289,2,0,1,0.15,289,289,9
185,73,8,255,20,3,0,2,290,2,0,0,0.77,289,290,10
186,74,8,257,18,2,0,2,293,2,0,0,0.20,289,293,12
187,76,8,259,18,3,0,2,295,2,0,0,0.06,292,295,12
188,78,8,259,19,3,0,2,295,2,0,0,0.03,294,295,11
189,80,8,262,20,2,0,2,298,2,0,0,0.06,296,298,12
190,82,8,264,24,3,0,2,300,2,0,0,0.27,297,300,13
191,84,8,265,24,3,0,2,302,2,0,0,0.15,298,302,13
192,86,8,267,21,3,0,2,304,2,0,0,0.28,300,304,14
194,78,8,270,22,3,0,2,307,2,0,0,0.13,301,307,16
195,78,8,271,18,3,0,2,308,2,0,0,0.22,301,308,17
196,81,8,272,19,3,0,2,311,2,0,0,0.81,303,311,16
197,82,8,274,16,2,0,2,314,2,0,0,0.15,303,314,18
198,75,8,274,19,2,0,2,314,2,0,0,0.47,303,314,18
200,67,8,276,19,1,0,2,316,2,0,0,0.13,303,316,20
201,67,8,277,16,2,0,2,317,2,0,0,0.20,304,317,20
202,69,8,278,21,2,0,2,320,2,0,0,1.35,305,320,20
203,59,8,280,21,2,0,2,322,2,0,0,0.19,305,322,22
204,59,8,280,22,2,0,2,322,2,0,0,0.25,305,322,22
205,59,8,282,22,3,0,2,325,2,0,0,0.25,305,325,24
206,60,8,283,26,3,0,2,327,2,0,0,0.52,305,328,25
207,63,8,285,27,3,0,2,331,2,0,0,0.20,305,332,27
208,63,8,285,28,3,0,2,331,2,0,0,0.24,305,332,27
209,65,8,287,29,3,0,2,338,2,0,0,0.36,307,339,28
210,67,8,289,33,3,0,2,340,2,0,0,0.34,307,341,30
211,69,8,290,31,4,0,2,341,2,0,0,0.66,307,342,31
212,71,8,292,32,4,0,2,347,2,0,0,0.49,307,348,33
213,73,8,293,35,4,0,2,349,2,0,0,0.29,307,350,34
214,75,8,293,36,4,0,2,349,2,0,0,0.21,307,350,34
215,70,8,295,36,4,0,2,353,2,0,0,0.38,307,354,36
216,61,8,296,40,4,0,2,354,2,0,0,0.91,307,355,37
218,66,8,299,38,4,0,2,357,2,0,0,2.03,309,358,39
219,66,8,301,33,4,0,2,360,2,0,0,1.18,309,361,41
220,58,8,303,34,4,0,2,366,2,0,0,0.36,309,367,47
221,83,8,306,36,4,0,2,374,2,0,0,0.20,349,375,46
222,100,9,308,32,4,0,2,377,2,0,0,0.28,395,378,26
223,91,9,310,34,4,0,2,379,2,0,0,0.29,430,380,2
224,86,9,311,33,4,0,2,380,2,0,0,0.29,431,381,2
225,86,9,313,35,4,0,2,382,2,0,0,0.06,431,383,4
226,86,9,314,32,4,0,2,383,2,0,0,0.06,431,384,5
227,88,9,315,30,4,0,2,384,2,0,0,0.23,432,385,5
228,89,9,316,27,4,0,2,385,2,0,0,0.11,433,386,5
229,91,9,317,31,4,0,2,387,2,0,0,0.45,434,388,5
230,93,9,320,28,3,0,2,390,2,0,0,0.31,434,391,8
231,95,9,321,29,4,0,2,391,2,0,0,0.31,434,392,9
232,97,9,323,30,4,0,2,395,2,0,0,0.23,434,396,11
233,99,9,326,32,5,0,2,400,2,0,0,0.24,434,401,14
234,100,9,327,35,5,0,2,402,2,0,0,1.00,434,404,15
235,100,9,329,29,3,0,2,406,2,0,0,0.52,437,408,16
236,100,9,329,30,3,0,2,406,2,0,0,0.48,437,408,16
237,100,9,331,27,3,0,2,408,2,0,0,0.47,437,410,18
238,100,9,332,28,3,0,2,410,2,0,0,0.40,437,412,19
239,100,9,335,30,3,0,2,413,2,0,0,0.32,437,415,22
240,100,9,337,28,2,0,2,416,2,0,0,0.31,437,418,24
241,100,9,337,30,2,0,2,416,2,0,0,0.16,437,418,24
242,100,9,337,26,1,0,2,416,2,0,0,0.25,437,418,24
243,100,9,339,29,1,0,2,418,2,0,0,0.20,437,420,26
244,100,9,340,28,1,0,2,419,2,0,0,0.17,437,421,27
245,100,9,341,24,2,0,2,420,2,0,0,0.08,437,422,28
246,100,9,341,27,2,0,2,420,2,0,0,0.49,437,422,28
247,100,9,343,30,3,0,2,422,2,0,0,0.51,437,424,30
248,100,9,344,30,2,0,2,426,2,0,0,0.09,437,428,31
249,100,9,345,27,2,0,2,430,2,0,0,0.24,437,432,32
250,100,9,348,31,2,0,2,438,2,0,1,0.15,437,440,35
251,100,9,348,35,2,0,2,438,2,0,1,0.97,437,440,35
252,100,9,349,36,2,0,2,441,2,0,1,0.51,437,443,36
253,82,9,349,39,2,0,2,441,2,0,1,0.47,437,443,36
254,71,9,350,49,3,0,2,445,2,0,1,0.37,437,447,37
255,71,9,352,52,4,0,2,450,2,0,1,0.46,437,452,39
256,71,9,352,54,3,1,3,450,2,0,1,76.88,437,452,39
257,53,9,352,55,3,2,3,450,2,0,0,1.69,437,452,39
258,43,9,354,44,2,2,3,454,2,0,0,0.93,437,457,41
259,50,9,355,41,1,2,3,458,2,0,0,0.48,437,461,42
260,50,9,357,41,1,2,3,461,2,0,0,0.27,437,465,44
261,45,9,359,41,1,2,3,464,2,0,0,0.35,437,468,46
262,45,9,359,39,1,2,3,464,2,0,0,0.28,437,468,46
263,45,9,361,42,1,2,3,466,2,0,0,0.32,437,470,48
264,47,9,363,38,1,2,3,468,2,0,0,0.14,437,472,50
266,50,9,365,32,0,2,3,470,2,0,0,0.04,437,474,52
267,52,9,367,28,2,2,3,472,2,0,0,0.14,438,476,53
268,54,9,368,31,3,2,3,475,2,0,0,0.19,438,479,54
269,56,9,369,32,4,2,3,478,2,0,0,0.22,438,482,55
270,58,9,370,36,4,2,4,479,2,0,0,0.26,438,483,56
271,60,9,372,37,2,4,4,486,2,0,0,0.21,438,490,58
272,62,9,373,41,2,4,4,489,2,0,0,0.13,438,493,59
273,65,9,374,40,2,4,4,492,2,0,0,0.59,438,496,59
274,66,9,375,42,2,4,4,493,2,0,0,0.32,438,497,59
275,68,9,375,45,5,4,4,493,2,0,0,1.69,438,497,59
276,43,9,376,47,5,5,4,495,2,0,0,0.33,438,500,60
277,37,9,378,46,4,5,4,498,2,0,0,1.09,441,504,61
278,37,9,378,47,4,5,4,498,2,0,0,0.43,441,504,61
279,37,9,379,49,4,6,4,499,2,0,0,0.27,441,505,62
280,38,9,381,53,5,6,4,502,2,0,0,0.25,441,508,64
281,40,9,383,52,3,7,4,507,2,0,0,0.17,441,514,64
282,42,9,385,55,3,7,4,509,2,0,0,0.49,441,516,65
283,44,9,387,50,3,7,4,513,2,0,0,0.25,441,520,65
284,46,9,388,47,2,7,4,515,2,0,0,0.20,441,523,65
285,48,9,390,48,2,7,4,519,2,0,0,0.08,441,527,66
286,50,9,391,48,4,7,4,520,2,0,0,0.59,442,528,66
287,52,9,392,52,5,7,4,521,2,0,0,1.14,442,529,66
288,54,9,393,54,4,8,4,523,2,0,0,0.75,442,531,66
289,44,9,394,49,4,8,4,525,2,0,0,0.20,442,533,67
290,69,9,396,53,5,10,5,529,2,0,0,1.44,442,537,68
291,69,9,397,58,5,11,5,531,2,0,0,1.29,442,539,69
292,58,9,397,61,5,11,5,531,2,0,0,1.90,442,539,69
293,48,9,398,63,4,12,5,535,2,0,0,0.83,442,543,70
294,48,9,399,64,3,12,5,537,2,0,0,0.52,442,545,71
295,48,9,399,63,5,13,5,537,2,0,0,1.17,442,545,71
296,30,9,399,68,5,13,5,537,2,0,0,3.89,442,545,71
297,5,9,401,73,5,14,5,541,2,0,0,3.72,442,549,73
298,5,9,403,75,4,14,5,547,2,0,0,0.75,442,556,73
299,5,9,404,75,4,14,5,549,2,0,0,0.32,442,559,74
300,5,9,405,76,4,14,5,553,2,0,0,4.98,442,563,74
301,9,9,407,76,4,14,5,556,2,0,0,0.38,442,566,75
302,9,9,408,75,4,14,5,559,2,0,0,0.63,442,569,75
303,0,9,408,74,4,14,5,559,2,0,0,0.00,442,569,75
304,0,9,408,77,4,14,5,559,2,0,0,0.00,442,569,75
