t,hp,level,kills,alive,ranged,elites,tier,coin,skills,stats,surging,danger
0,100,1,0,1,0,0,0,0,0,0,0,0.00
1,100,1,0,2,0,0,0,0,0,0,0,0.00
2,100,1,0,3,0,0,0,0,0,0,0,0.01
3,100,1,0,4,0,0,0,0,0,0,0,0.02
4,100,1,0,5,0,0,0,0,0,0,0,0.01
6,100,1,0,7,0,0,0,0,0,0,0,0.02
7,100,1,1,8,0,0,0,2,0,0,0,0.07
8,100,1,1,9,0,0,0,2,0,0,0,0.04
9,100,1,1,7,0,0,0,2,0,0,0,0.03
10,100,1,3,10,0,0,0,4,0,0,0,0.02
11,100,1,4,12,0,0,0,6,0,0,0,0.07
12,100,1,4,9,0,0,0,6,0,0,0,0.01
13,100,1,4,10,0,0,0,6,0,0,0,0.04
14,100,1,5,13,0,0,0,7,0,0,0,0.08
15,100,1,6,13,0,0,0,8,0,0,0,0.14
16,100,1,7,13,0,0,0,9,0,0,0,0.09
17,100,1,8,15,0,0,0,10,0,0,0,0.39
18,100,1,10,16,0,0,0,13,0,0,0,0.30
19,100,1,11,17,0,0,0,14,0,0,0,0.31
20,100,1,14,17,0,0,0,17,0,0,0,0.31
21,100,1,15,19,0,0,0,18,0,0,0,0.12
23,100,1,18,18,0,0,0,21,0,0,0,0.11
24,100,1,20,15,0,0,0,23,0,0,0,0.26
25,100,1,20,16,0,0,0,23,0,0,0,0.31
26,100,1,21,12,0,0,0,25,0,0,0,0.07
27,100,2,24,14,0,0,0,28,1,0,0,0.14
28,100,2,25,17,0,0,0,29,1,0,0,0.19
30,100,2,27,16,0,0,0,31,1,0,0,0.12
31,100,2,28,11,0,0,0,32,1,0,0,0.09
32,100,2,31,16,0,0,0,35,1,0,0,0.18
34,100,2,33,20,0,0,0,37,1,0,0,0.10
35,100,3,34,18,0,0,0,38,2,0,0,0.05
37,100,3,38,20,0,0,0,42,2,0,0,0.21
39,100,3,40,15,0,0,0,45,2,0,0,0.07
40,100,3,43,15,0,0,0,48,2,0,0,0.10
41,100,3,44,16,0,0,0,49,2,0,0,0.10
42,100,3,46,17,0,0,0,52,2,0,0,0.12
43,100,3,47,15,0,0,0,53,2,0,0,0.11
44,100,3,48,13,0,0,0,54,2,0,0,0.10
45,100,3,51,14,0,0,0,57,2,0,0,0.21
46,100,3,55,14,0,0,0,61,2,0,0,0.10
47,100,3,56,15,0,0,0,62,2,0,0,0.21
48,100,3,58,9,0,0,0,64,2,0,0,0.08
49,100,3,61,11,0,0,0,68,2,0,0,0.18
50,100,3,61,10,0,0,0,68,2,0,0,0.05
51,100,3,63,14,0,0,0,70,2,0,0,0.03
52,100,3,63,11,0,0,0,70,2,0,0,0.37
53,100,3,64,11,0,0,0,72,2,0,0,0.25
54,100,3,66,16,0,0,0,75,2,0,0,0.06
55,100,3,67,18,0,0,0,76,2,0,0,0.16
56,100,3,70,15,0,0,0,79,2,0,0,0.16
57,100,3,71,17,0,0,0,80,2,0,0,0.30
58,100,4,74,19,0,0,0,84,2,0,0,1.67
59,100,4,76,18,0,0,0,86,2,0,0,0.50
60,100,4,78,20,0,0,0,88,2,0,0,0.42
61,100,4,79,15,0,0,0,89,2,0,0,0.13
62,100,4,80,15,0,0,0,90,2,0,0,1.18
63,100,4,81,15,0,0,0,91,2,0,0,0.28
64,100,4,83,15,0,0,0,95,2,0,0,0.06
65,100,4,83,15,0,0,0,95,2,0,0,0.09
66,100,4,85,15,0,0,0,97,2,0,0,0.19
67,100,4,87,19,0,0,0,99,2,0,0,0.19
68,100,4,89,20,0,0,0,101,2,0,0,0.21
69,100,4,91,18,0,0,0,103,2,0,0,0.20
70,100,5,92,19,0,0,0,105,2,0,0,0.04
71,100,5,94,16,0,0,0,108,2,0,0,0.26
72,100,5,96,19,0,0,0,111,2,0,0,0.30
73,100,5,96,20,0,0,0,111,2,0,0,0.11
74,100,5,97,20,0,0,0,112,2,0,0,0.25
75,100,5,98,17,0,0,0,113,2,0,0,4.10
76,100,5,99,17,0,0,0,115,2,0,0,0.60
77,100,5,102,20,0,0,0,119,2,0,0,0.28
78,100,5,104,20,0,0,0,122,2,0,0,0.30
79,100,5,107,21,0,0,0,125,2,0,0,0.30
80,100,5,109,22,0,0,0,127,2,0,0,0.19
81,100,5,112,21,0,0,0,130,2,0,0,0.18
82,100,5,114,22,0,0,0,133,2,0,0,0.18
83,100,5,117,19,0,0,0,136,2,0,0,0.23
84,100,5,119,17,0,0,0,139,2,0,0,0.32
85,100,5,120,18,0,0,0,140,2,0,0,0.12
86,100,5,121,15,0,0,0,141,2,0,0,0.18
87,100,5,122,18,0,0,0,142,2,0,0,0.27
88,100,5,124,17,0,0,0,145,2,0,0,0.25
89,100,5,127,18,0,0,0,149,2,0,0,0.26
90,100,5,129,20,0,0,1,152,2,0,0,0.32
91,100,5,131,21,0,0,1,154,2,0,0,0.73
92,100,5,132,17,0,0,1,156,2,0,0,0.27
93,100,5,133,15,0,0,1,157,2,0,0,0.30
94,100,5,134,20,0,0,1,158,2,0,0,0.43
95,100,5,135,21,0,0,1,159,2,0,0,0.18
96,100,5,138,22,0,0,1,164,2,0,0,0.18
97,100,5,139,20,0,0,1,165,2,0,0,2.11
98,100,5,141,19,0,0,1,167,2,0,0,0.35
99,100,5,143,21,0,0,1,169,2,0,0,0.24
100,100,5,145,22,0,0,1,171,2,0,1,0.27
101,100,5,147,28,0,0,1,174,2,0,1,0.23
103,100,5,149,29,0,0,1,176,2,0,1,1.07
104,94,5,150,25,0,0,1,177,2,0,1,3.34
105,94,5,151,24,0,0,1,179,2,0,1,34.27
106,82,5,153,26,0,0,1,182,2,0,1,1.22
107,82,5,155,28,0,0,1,184,2,0,1,0.58
108,82,5,157,33,0,0,1,188,2,0,1,0.44
109,84,5,159,40,0,0,1,191,2,0,1,0.77
110,84,5,160,40,0,0,1,192,2,0,0,0.73
111,86,5,162,35,0,0,1,194,2,0,0,0.15
112,88,5,163,38,0,0,1,195,2,0,0,0.71
113,91,5,166,38,0,0,1,199,2,0,0,0.28
114,92,5,167,35,0,0,1,200,2,0,0,0.91
115,96,5,170,31,0,0,1,204,2,0,0,2.03
116,97,5,171,31,0,0,1,205,2,0,0,0.79
117,100,5,173,26,0,0,1,207,2,0,0,0.10
118,100,5,174,26,0,0,1,209,2,0,0,0.17
119,100,5,176,27,0,0,1,212,2,0,0,0.16
120,100,5,179,29,0,0,1,215,2,0,0,0.38
121,100,5,179,31,2,0,1,215,2,0,0,0.26
122,100,5,181,29,2,0,1,217,2,0,0,0.19
123,100,5,182,29,2,0,1,219,2,0,0,0.17
124,100,5,183,27,2,0,1,220,2,0,0,0.16
125,100,5,184,26,2,0,1,221,2,0,0,0.25
126,100,5,186,29,2,0,1,223,2,0,0,0.24
127,100,5,188,32,2,0,1,226,2,0,0,0.29
128,100,5,190,31,2,0,1,230,2,0,0,0.26
129,100,5,192,32,2,0,1,233,2,0,0,0.18
130,100,5,194,33,2,0,1,235,2,0,0,0.21
131,93,5,196,33,2,0,1,238,2,0,0,0.22
133,93,5,199,32,1,0,1,241,2,0,0,0.24
134,94,5,202,26,2,0,1,244,2,0,0,0.25
135,85,5,205,30,2,0,1,247,2,0,0,0.20
136,85,5,207,30,1,0,1,249,2,0,0,14.40
137,85,5,208,24,2,0,1,251,2,0,0,1.21
138,73,5,210,27,2,0,1,253,2,0,0,0.89
139,73,5,210,30,2,0,1,253,2,0,0,0.46
140,73,5,211,31,2,0,1,254,2,0,0,0.48
141,75,5,212,31,2,0,1,255,2,0,0,0.44
142,78,5,213,32,2,0,1,256,2,0,0,1.03
143,78,5,215,31,2,0,1,259,2,0,0,1.30
144,80,5,217,35,2,0,1,261,2,0,0,1.14
145,82,5,219,37,1,0,1,263,2,0,0,1.26
146,84,5,221,38,1,0,1,265,2,0,0,0.93
147,76,5,223,40,2,0,1,268,2,0,0,109.35
149,76,5,224,41,2,0,1,269,2,0,0,5.86
150,71,5,225,38,2,0,1,270,2,0,0,5.65
151,65,5,225,40,2,0,1,270,2,0,0,9.47
152,56,5,228,43,2,0,1,273,2,0,0,17.50
153,50,5,229,44,2,0,1,274,2,0,0,2.86
154,66,5,231,43,2,0,1,277,2,0,0,4.05
156,66,5,232,44,2,0,1,278,2,0,0,42.84
158,54,5,234,44,2,0,1,280,2,0,0,4.58
159,48,5,235,44,2,0,1,281,2,0,0,3.54
160,32,5,237,45,2,0,1,283,2,0,0,8.30
161,28,5,239,45,2,0,1,287,2,0,0,8.22
162,28,5,241,45,2,0,1,289,2,0,0,0.67
163,22,5,243,44,2,0,1,292,2,0,0,1.26
164,22,5,246,43,2,0,1,296,2,0,0,0.32
165,22,5,247,45,2,0,1,298,2,0,0,0.16
166,14,5,250,43,2,0,1,301,2,0,0,0.10
167,14,6,252,42,3,0,1,304,2,0,0,0.04
168,14,6,252,42,3,0,1,304,2,0,0,0.01
169,40,6,254,42,3,0,1,308,2,0,0,0.22
170,42,6,256,40,3,0,1,310,2,0,0,0.27
171,44,6,257,39,3,0,1,311,2,0,0,0.09
172,46,6,259,42,3,0,1,313,2,0,0,0.09
173,49,6,260,40,3,0,1,314,2,0,0,0.06
174,50,6,260,40,3,0,1,314,2,0,0,0.04
175,52,6,261,39,3,0,1,315,2,0,1,0.13
176,54,6,264,45,3,0,1,320,2,0,1,0.22
177,57,6,265,44,4,0,1,321,2,0,1,0.06
178,58,6,266,42,3,0,1,322,2,0,1,0.14
179,60,6,268,50,3,0,1,324,2,0,1,0.24
180,62,6,271,51,3,0,2,327,2,0,1,0.25
181,64,6,272,51,3,0,2,328,2,0,1,0.20
182,66,6,274,54,3,0,2,331,2,0,1,0.26
183,68,6,275,55,3,0,2,332,2,0,1,0.28
184,71,6,277,53,3,0,2,334,2,0,1,0.10
185,72,6,278,54,3,0,2,335,2,0,0,0.24
186,74,6,281,51,3,0,2,338,2,0,0,0.20
187,76,6,283,52,3,0,2,340,2,0,0,0.21
188,78,6,284,48,3,0,2,341,2,0,0,0.58
189,80,6,285,47,1,0,2,344,2,0,0,0.00
190,82,6,287,48,2,0,2,349,2,0,0,0.31
191,84,6,288,52,3,0,2,350,2,0,0,0.31
192,86,6,290,53,3,0,2,357,2,0,0,0.08
193,88,6,293,53,3,0,2,360,2,0,0,0.52
194,90,6,293,51,3,0,2,360,2,0,0,0.09
195,92,6,294,48,3,0,2,361,2,0,0,0.26
196,94,6,297,49,3,0,3,366,2,0,0,0.20
197,96,6,299,46,2,0,3,368,2,0,0,0.23
198,98,6,301,48,2,0,3,371,2,0,0,0.22
199,100,6,301,49,1,0,3,371,2,0,0,0.32
200,100,6,303,44,1,0,3,376,2,0,0,0.13
201,100,6,303,43,1,0,3,376,2,0,0,0.34
202,100,6,305,44,0,1,3,379,2,0,0,0.58
203,100,6,306,48,0,1,3,383,2,0,0,0.74
204,100,6,308,50,1,1,3,385,2,0,0,1.16
205,100,6,309,50,2,1,3,387,2,0,0,0.89
206,100,6,312,53,2,1,3,394,2,0,0,1.79
207,81,6,312,50,2,2,3,394,2,0,0,0.51
208,81,6,313,48,3,2,3,398,2,0,0,0.24
209,81,6,314,48,2,2,3,399,2,0,0,0.48
210,83,6,315,50,2,3,3,403,2,0,0,0.81
211,85,6,318,51,3,3,3,410,2,0,0,0.31
212,87,6,319,52,2,4,3,411,2,0,0,0.86
213,89,6,321,54,2,4,3,414,2,0,0,0.81
214,91,6,323,56,2,5,3,417,2,0,0,0.29
215,93,6,326,55,2,5,3,420,2,0,0,0.27
216,95,6,326,55,3,5,3,420,2,0,0,0.33
217,98,6,327,50,2,6,3,423,2,0,0,0.22
218,99,6,328,50,2,6,3,424,2,0,0,0.24
219,100,6,331,53,3,6,3,427,2,0,0,0.33
220,100,6,331,56,2,7,3,427,2,0,0,0.66
221,100,6,334,50,1,7,3,432,2,0,0,0.29
222,100,6,335,50,2,7,3,434,2,0,0,0.92
223,100,6,337,52,2,7,3,441,2,0,0,0.33
224,100,6,338,54,2,7,3,442,2,0,0,0.53
225,100,6,340,56,1,8,3,444,2,0,0,0.24
226,100,6,341,57,2,8,3,446,2,0,0,0.38
227,91,6,343,55,1,8,3,449,2,0,0,0.48
228,91,6,345,58,2,8,3,451,2,0,0,0.27
229,91,6,346,62,2,9,3,452,2,0,0,0.40
230,92,6,347,62,2,9,3,453,2,0,0,0.23
231,94,6,348,62,2,9,3,454,2,0,0,0.22
232,96,6,349,64,1,9,3,455,2,0,0,0.23
233,98,6,349,66,1,10,3,455,2,0,0,0.57
234,100,6,349,68,1,10,3,455,2,0,0,0.23
235,100,6,350,69,1,11,3,456,2,0,0,0.36
236,100,6,351,74,1,11,3,459,2,0,0,0.36
237,100,6,352,73,1,11,3,460,2,0,0,0.19
238,100,6,353,75,1,11,3,463,2,0,0,0.23
239,100,6,355,74,1,11,3,467,2,0,0,0.26
240,100,6,356,70,1,11,4,468,2,0,0,0.60
241,100,6,357,69,2,11,4,469,2,0,0,0.25
242,100,6,358,63,3,11,4,473,2,0,0,3.97
243,78,6,360,65,3,12,4,477,2,0,0,0.84
244,74,6,362,65,3,13,4,481,2,0,0,0.57
245,74,6,365,66,5,13,4,488,2,0,0,0.28
246,56,6,365,60,4,15,4,488,2,0,0,0.83
247,56,6,367,58,4,15,4,494,2,0,0,9.00
248,48,6,367,60,3,15,4,494,2,0,0,0.56
249,73,6,370,62,3,15,4,500,2,0,0,0.26
250,73,6,371,63,3,15,4,502,2,0,0,0.26
251,74,6,371,63,3,15,4,502,2,0,0,0.49
252,76,6,371,62,3,15,4,502,2,0,0,0.27
253,80,6,372,63,3,15,4,503,2,0,0,0.21
254,80,6,372,63,3,15,4,503,2,0,0,0.36
255,82,6,374,63,3,15,4,505,2,0,0,0.24
256,86,6,375,63,3,15,4,507,2,0,1,18.77
258,88,6,376,64,3,16,4,508,2,0,1,3.73
259,70,6,376,68,5,16,4,508,2,0,1,2.41
260,63,6,377,78,5,20,4,509,2,0,0,4.62
261,63,6,378,83,5,21,4,511,2,0,0,1.91
262,55,6,379,81,5,21,4,515,2,0,0,14.05
263,48,6,380,78,6,21,4,519,2,0,0,0.41
264,41,6,380,77,6,21,4,519,2,0,0,0.37
265,41,6,382,73,2,21,4,523,2,0,0,0.33
266,41,6,382,70,2,21,4,523,2,0,0,0.13
267,41,6,383,66,1,22,4,524,2,0,0,0.29
268,43,6,384,70,2,23,4,526,2,0,0,0.27
269,46,6,385,70,0,24,4,527,2,0,0,6.25
270,47,6,385,68,0,24,5,527,2,0,0,3.31
271,36,6,387,72,2,24,5,532,2,0,0,12.74
272,28,6,388,76,3,24,5,533,2,0,0,1.37
273,10,6,390,81,4,24,5,536,2,0,0,0.27
274,10,6,391,78,4,24,5,538,2,0,0,0.09
275,35,6,392,72,5,24,5,541,2,0,0,0.10
276,18,6,392,70,4,25,5,541,2,0,0,0.29
277,18,6,393,68,4,25,5,543,2,0,0,0.12
278,21,6,394,65,4,25,5,544,2,0,0,0.28
279,21,6,395,64,5,25,5,547,2,0,0,0.16
280,23,7,395,62,3,26,5,547,2,0,0,0.48
281,14,7,395,67,5,26,5,547,2,0,0,0.91
283,14,7,397,69,4,27,5,552,2,0,0,0.68
284,2,7,398,71,5,28,5,554,2,0,0,1.03
285,0,7,398,73,5,28,5,554,2,0,0,0.00
286,0,7,398,78,5,29,5,554,2,0,0,0.00
287,0,7,398,81,5,29,5,554,2,0,0,0.00
