path	pack	name	tris	bx	by	bz	renderers	mats	shaders	hasGrip
Assets/Low Poly Weapon Series V 4/Prefabs/Low Poly Series V 1/Attachments/BarrelGuard_Lok_B.prefab	SeriesV4	BarrelGuard_Lok_B	694	0.0207	0.0300	0.1150	1	1	Standard	False
Assets/Low Poly Weapon Series V 4/Prefabs/Low Poly Series V 1/Attachments/Bolt_A.prefab	SeriesV4	Bolt_A	670	0.0812	0.0254	0.2256	1	1	Standard	False
Assets/Low Poly Weapon Series V 4/Prefabs/Low Poly Series V 1/Attachments/Bolt_B.prefab	SeriesV4	Bolt_B	1414	0.0949	0.0273	0.2256	1	1	Standard	False
Assets/Low Poly Weapon Series V 4/Prefabs/Low Poly Series V 1/Attachments/ForwardGrip_AK.prefab	SeriesV4	ForwardGrip_AK	1220	0.0450	0.0780	0.1618	1	1	Standard	False
Assets/Low Poly Weapon Series V 4/Prefabs/Low Poly Series V 1/Attachments/ForwardGrip_AL.prefab	SeriesV4	ForwardGrip_AL	1154	0.0495	0.0665	0.1181	1	1	Standard	False
Assets/Low Poly Weapon Series V 4/Prefabs/Low Poly Series V 1/Attachments/Muzzle_Recon_Brake_E.prefab	SeriesV4	Muzzle_Recon_Brake_E	752	0.1091	0.0475	0.1146	1	1	Standard	False
Assets/Low Poly Weapon Series V 4/Prefabs/Low Poly Series V 1/Attachments/Muzzle_Suppressor_M.prefab	SeriesV4	Muzzle_Suppressor_M	696	0.0650	0.0750	0.1750	1	1	Standard	False
Assets/Low Poly Weapon Series V 4/Prefabs/Low Poly Series V 1/Attachments/Optic_AS.prefab	SeriesV4	Optic_AS	3136	0.0575	0.0695	0.0513	4	4	Standard	False
Assets/Low Poly Weapon Series V 4/Prefabs/Low Poly Series V 1/Attachments/Optic_Recon_V.prefab	SeriesV4	Optic_Recon_V	5640	0.0913	0.1265	0.3125	2	2	Standard	False
Assets/Low Poly Weapon Series V 4/Prefabs/Low Poly Series V 1/Bullets/Bullet_G.prefab	SeriesV4	Bullet_G	304	0.0121	0.0140	0.0695	2	2	Standard	False
Assets/Low Poly Weapon Series V 4/Prefabs/Low Poly Series V 1/Bullets/Bullet_G_2.prefab	SeriesV4	Bullet_G_2	304	0.0121	0.0140	0.0695	2	2	Standard	False
Assets/Low Poly Weapon Series V 4/Prefabs/Low Poly Series V 1/Bullets/Bullet_Pistol_G.prefab	SeriesV4	Bullet_Pistol_G	352	0.0122	0.0140	0.0533	2	2	Standard	False
Assets/Low Poly Weapon Series V 4/Prefabs/Low Poly Series V 1/Bullets/Bullet_ShotGun_G.prefab	SeriesV4	Bullet_ShotGun_G	356	0.0226	0.0261	0.0922	1	1	Standard	False
Assets/Low Poly Weapon Series V 4/Prefabs/Low Poly Series V 1/Bullets/Grenade_E.prefab	SeriesV4	Grenade_E	524	0.0210	0.0243	0.1033	2	2	Standard	False
Assets/Low Poly Weapon Series V 4/Prefabs/Low Poly Series V 1/Cases/AmmoCase_A.prefab	SeriesV4	AmmoCase_A	1716	0.5860	0.2458	0.2525	4	4	Standard	False
Assets/Low Poly Weapon Series V 4/Prefabs/Low Poly Series V 1/Cases/AttachmentCase_A.prefab	SeriesV4	AttachmentCase_A	1576	0.3850	0.1750	0.4150	2	2	Standard	False
Assets/Low Poly Weapon Series V 4/Prefabs/Low Poly Series V 1/Items/Card_A.prefab	SeriesV4	Card_A	192	0.0550	0.0341	0.0017	1	1	Standard	False
Assets/Low Poly Weapon Series V 4/Prefabs/Low Poly Series V 2/Attachments/Bolt_C.prefab	SeriesV4	Bolt_C	1110	0.0742	0.0225	0.2275	1	1	Standard	False
Assets/Low Poly Weapon Series V 4/Prefabs/Low Poly Series V 2/Attachments/Bolt_C_Sand.prefab	SeriesV4	Bolt_C_Sand	1110	0.0742	0.0225	0.2275	1	1	Standard	False
Assets/Low Poly Weapon Series V 4/Prefabs/Low Poly Series V 2/Attachments/Bolt_D.prefab	SeriesV4	Bolt_D	1986	0.0970	0.0231	0.2268	1	1	Standard	False
Assets/Low Poly Weapon Series V 4/Prefabs/Low Poly Series V 2/Attachments/Bolt_D_Sand.prefab	SeriesV4	Bolt_D_Sand	1986	0.0970	0.0231	0.2268	1	1	Standard	False
Assets/Low Poly Weapon Series V 4/Prefabs/Low Poly Series V 2/Attachments/Laser_Pistol_D.prefab	SeriesV4	Laser_Pistol_D	1610	0.0460	0.0520	0.1009	1	1	Standard	False
Assets/Low Poly Weapon Series V 4/Prefabs/Low Poly Series V 2/Attachments/Mag_D.prefab	SeriesV4	Mag_D	1310	0.0410	0.2725	0.1896	1	1	Standard	False
Assets/Low Poly Weapon Series V 4/Prefabs/Low Poly Series V 2/Attachments/Mag_E.prefab	SeriesV4	Mag_E	4422	0.0475	0.2840	0.1723	1	1	Standard	False
Assets/Low Poly Weapon Series V 4/Prefabs/Low Poly Series V 2/Attachments/Mag_F.prefab	SeriesV4	Mag_F	2930	0.0510	0.3020	0.1773	1	1	Standard	False
Assets/Low Poly Weapon Series V 4/Prefabs/Low Poly Series V 2/Attachments/Muzzle_Pistol_Suppressor_D.prefab	SeriesV4	Muzzle_Pistol_Suppressor_D	2132	0.0300	0.0347	0.2000	1	1	Standard	False
Assets/Low Poly Weapon Series V 4/Prefabs/Low Poly Series V 2/Attachments/Optic_AT.prefab	SeriesV4	Optic_AT	5802	0.0865	0.1274	0.2355	2	2	Standard	False
Assets/Low Poly Weapon Series V 4/Prefabs/Low Poly Series V 2/Attachments/Optic_Pistol_J.prefab	SeriesV4	Optic_Pistol_J	1182	0.0345	0.0496	0.0613	2	2	Standard	False
Assets/Low Poly Weapon Series V 4/Prefabs/Low Poly Series V 2/Bullets/Bullet_H.prefab	SeriesV4	Bullet_H	340	0.0121	0.0140	0.0644	2	2	Standard	False
Assets/Low Poly Weapon Series V 4/Prefabs/Low Poly Series V 2/Bullets/Bullet_Rifle_A.prefab	SeriesV4	Bullet_Rifle_A	244	0.0137	0.0158	0.0528	2	2	Standard	False
Assets/Low Poly Weapon Series V 4/Prefabs/Low Poly Series V 2/Items/Card_B.prefab	SeriesV4	Card_B	192	0.0550	0.0341	0.0017	1	1	Standard	False
Assets/Low Poly Weapon Series V 4/Prefabs/Low Poly Series V 2/Items/Tatical Radio.prefab	SeriesV4	Tatical Radio	4380	0.0952	0.3098	0.0325	1	1	Standard	False
Assets/Low Poly Weapon Series V 4/Prefabs/Low Poly Series V 2/Items/Tatical Tablet.prefab	SeriesV4	Tatical Tablet	1018	0.2873	0.1665	0.0235	1	1	Standard	False
Assets/Low Poly Weapon Series V 4/Prefabs/Low Poly Series V 3/Attachments/Light_L_Left.prefab	SeriesV4	Light_L_Left	2868	0.0503	0.0649	0.2633	1	1	Standard	False
Assets/Low Poly Weapon Series V 4/Prefabs/Low Poly Series V 3/Attachments/Light_L_Right.prefab	SeriesV4	Light_L_Right	2868	0.0503	0.0649	0.2633	1	1	Standard	False
Assets/Low Poly Weapon Series V 4/Prefabs/Low Poly Series V 3/Attachments/Mag_G.prefab	SeriesV4	Mag_G	1040	0.0410	0.1859	0.0942	1	1	Standard	False
Assets/Low Poly Weapon Series V 4/Prefabs/Low Poly Series V 3/Attachments/Mag_G_2.prefab	SeriesV4	Mag_G_2	1106	0.0425	0.1346	0.0942	1	1	Standard	False
Assets/Low Poly Weapon Series V 4/Prefabs/Low Poly Series V 3/Attachments/MagKit_C.prefab	SeriesV4	MagKit_C	1372	0.1027	0.0585	0.1087	1	1	Standard	False
Assets/Low Poly Weapon Series V 4/Prefabs/Low Poly Series V 3/Attachments/MagKit_D.prefab	SeriesV4	MagKit_D	404	0.0711	0.0417	0.1255	1	1	Standard	False
Assets/Low Poly Weapon Series V 4/Prefabs/Low Poly Series V 3/Attachments/Muzzle_Flash Hider_L.prefab	SeriesV4	Muzzle_Flash Hider_L	1192	0.0311	0.0359	0.1013	1	1	Standard	False
Assets/Low Poly Weapon Series V 4/Prefabs/Low Poly Series V 3/Attachments/Muzzle_Suppressor_N.prefab	SeriesV4	Muzzle_Suppressor_N	2604	0.0456	0.0516	0.2293	1	1	Standard	False
Assets/Low Poly Weapon Series V 4/Prefabs/Low Poly Series V 3/Attachments/Optic_AS.prefab	SeriesV4	Optic_AS	1482	0.0620	0.0951	0.1348	2	2	Standard	False
Assets/Low Poly Weapon Series V 4/Prefabs/Low Poly Series V 3/Attachments/Optic_Recon_W.prefab	SeriesV4	Optic_Recon_W	4250	0.1536	0.1155	0.4985	2	2	Standard	False
Assets/Low Poly Weapon Series V 4/Prefabs/Low Poly Series V 3/Bullets/Bullet_Recon_G.prefab	SeriesV4	Bullet_Recon_G	340	0.0175	0.0203	0.1078	2	2	Standard	False
Assets/Low Poly Weapon Series V 4/Prefabs/Low Poly Series V 3/Grenades/Flash Grenade_B.prefab	SeriesV4	Flash Grenade_B	2096	0.1051	0.2211	0.0567	4	4	Standard	False
Assets/Low Poly Weapon Series V 4/Prefabs/Low Poly Series V 3/Grenades/Frag Grenade_B.prefab	SeriesV4	Frag Grenade_B	1902	0.0792	0.1378	0.0750	4	4	Standard	False
Assets/Low Poly Weapon Series V 4/Prefabs/Low Poly Series V 3/Items/Charm_A.prefab	SeriesV4	Charm_A	716	0.0184	0.0304	0.0300	4	5	Standard	False
Assets/Low Poly Weapon Series V 4/Prefabs/Low Poly Series V 3/Items/Gun Wall_A.prefab	SeriesV4	Gun Wall_A	1436	0.0250	0.5000	1.0000	1	1	Standard	False
Assets/Low Poly Weapon Series V 4/Prefabs/Low Poly Series V 3/Items/Gun Wall_Hook_A_Left.prefab	SeriesV4	Gun Wall_Hook_A_Left	178	0.1113	0.0750	0.1000	1	1	Standard	False
Assets/Low Poly Weapon Series V 4/Prefabs/Low Poly Series V 3/Items/Gun Wall_Hook_A_Right.prefab	SeriesV4	Gun Wall_Hook_A_Right	178	0.1113	0.0750	0.1000	1	1	Standard	False
Assets/Low Poly Weapon Series V 4/Prefabs/Low Poly Series V 4 New/Attachments/WWII_Muzzle_Device_D.prefab	SeriesV4	WWII_Muzzle_Device_D	3032	0.0327	0.0378	0.2130	1	1	Standard	False
Assets/Low Poly Weapon Series V 4/Prefabs/Low Poly Series V 4 New/Attachments/WWII_Muzzle_Device_E.prefab	SeriesV4	WWII_Muzzle_Device_E	364	0.0291	0.0336	0.0886	1	1	Standard	False
Assets/Low Poly Weapon Series V 4/Prefabs/Low Poly Series V 4 New/Attachments/WWII_Muzzle_Device_F.prefab	SeriesV4	WWII_Muzzle_Device_F	208	0.0427	0.0494	0.0760	1	1	Standard	False
Assets/Low Poly Weapon Series V 4/Prefabs/Low Poly Series V 4 New/Attachments/WWII_Optic_Close_Range_B.prefab	SeriesV4	WWII_Optic_Close_Range_B	1798	0.0365	0.0422	0.1135	2	2	Standard	False
Assets/Low Poly Weapon Series V 4/Prefabs/Low Poly Series V 4 New/Attachments/WWII_Optic_Middle_Range_B.prefab	SeriesV4	WWII_Optic_Middle_Range_B	1292	0.0502	0.0779	0.3645	2	2	Standard	False
Assets/Low Poly Weapon Series V 4/Prefabs/Low Poly Series V 4 New/Attachments/WWII_Optic_Remote_Range_B.prefab	SeriesV4	WWII_Optic_Remote_Range_B	1856	0.0303	0.0494	0.3888	2	2	Standard	False
Assets/Low Poly Weapon Series V 4/Prefabs/Low Poly Series V 4 New/Bullets/WWII_Bullet_Recon_B.prefab	SeriesV4	WWII_Bullet_Recon_B	232	0.0133	0.0153	0.0776	2	2	Standard	False
Assets/Low Poly Weapon Series V 4/Prefabs/Low Poly Series V 4 New/Bullets/WWII_Bullet_Rifle_B.prefab	SeriesV4	WWII_Bullet_Rifle_B	232	0.0126	0.0146	0.0705	2	2	Standard	False
Assets/Low Poly Weapon Series V 4/Prefabs/Low Poly Series V 4 New/Bullets/WWII_Bullet_SMG_B.prefab	SeriesV4	WWII_Bullet_SMG_B	196	0.0107	0.0124	0.0241	2	2	Standard	False
Assets/Low Poly Weapon Series V 4/Prefabs/Low Poly Series V 4 New/Bullets/WWII_Recon_B_Bullet Clip.prefab	SeriesV4	WWII_Recon_B_Bullet Clip	792	0.0200	0.0845	0.0080	1	1	Standard	False
Assets/Low Poly Weapon Series V 4/Prefabs/Low Poly Series V 4 New/Bullets/WWII_Rifle_B_Bullet Clip.prefab	SeriesV4	WWII_Rifle_B_Bullet Clip	364	0.0275	0.0630	0.0350	1	1	Standard	False
Assets/Low Poly Weapon Series V 4/Prefabs/Low Poly Series V 4 New/Close Combat/Combat Knife_A.prefab	SeriesV4	Combat Knife_A	868	0.0384	0.0675	0.3663	1	1	Standard	False
Assets/Low Poly Weapon Series V 4/Prefabs/Low Poly Series V 4 New/Close Combat/Shovel_A.prefab	SeriesV4	Shovel_A	1194	0.0426	0.1935	0.8785	1	1	Standard	False
Assets/Low Poly Weapon Series V 4/Prefabs/Low Poly Series V 4 New/Items/Charm_B.prefab	SeriesV4	Charm_B	524	0.0184	0.0413	0.0300	4	5	Standard	False
Assets/Low Poly Weapon Series V 4/Prefabs/Low Poly Series V 4 New/Weapons/PreSet/WWII_LMG_B_PreSet.prefab	SeriesV4	WWII_LMG_B_PreSet	11472	0.1040	0.2220	0.7575	16	16	Standard	False
Assets/Low Poly Weapon Series V 4/Prefabs/Low Poly Series V 4 New/Weapons/PreSet/WWII_Recon_B_PreSet.prefab	SeriesV4	WWII_Recon_B_PreSet	10466	0.0597	0.2099	1.3583	9	9	Standard	False
Assets/Low Poly Weapon Series V 4/Prefabs/Low Poly Series V 4 New/Weapons/PreSet/WWII_Rifle_A_PreSet.prefab	SeriesV4	WWII_Rifle_A_PreSet	8512	0.0561	0.2423	0.9763	10	10	Standard	False
Assets/Low Poly Weapon Series V 4/Prefabs/Low Poly Series V 4 New/Weapons/PreSet/WWII_Rifle_B_PreSet.prefab	SeriesV4	WWII_Rifle_B_PreSet	11738	0.0715	0.2447	1.1633	8	8	Standard	False
Assets/Low Poly Weapon Series V 4/Prefabs/Low Poly Series V 4 New/Weapons/PreSet/WWII_SMG_B_PreSet.prefab	SeriesV4	WWII_SMG_B_PreSet	6716	0.0465	0.3317	0.5030	12	12	Standard	False
Assets/Low Poly Weapon Series V 4/Prefabs/Low Poly Series V 4 New/Weapons/WWII_LMG_B.prefab	SeriesV4	WWII_LMG_B	9466	0.1040	0.2220	0.7575	13	13	Standard	False
Assets/Low Poly Weapon Series V 4/Prefabs/Low Poly Series V 4 New/Weapons/WWII_Recon_B.prefab	SeriesV4	WWII_Recon_B	7434	0.0597	0.2099	1.3583	8	8	Standard	False
Assets/Low Poly Weapon Series V 4/Prefabs/Low Poly Series V 4 New/Weapons/WWII_Rifle_A.prefab	SeriesV4	WWII_Rifle_A	6856	0.0561	0.2423	0.9763	7	7	Standard	False
Assets/Low Poly Weapon Series V 4/Prefabs/Low Poly Series V 4 New/Weapons/WWII_Rifle_B.prefab	SeriesV4	WWII_Rifle_B	7414	0.0632	0.2447	1.1633	5	5	Standard	False
Assets/Low Poly Weapon Series V 4/Prefabs/Low Poly Series V 4 New/Weapons/WWII_SMG_B.prefab	SeriesV4	WWII_SMG_B	4554	0.0465	0.3317	0.5030	9	9	Standard	False
Assets/Low Poly Weapon Series V 4/Prefabs/New/Weapons/AR_W.prefab	SeriesV4	AR_W	20708	0.1052	0.3147	0.6605	18	18	Standard	False
Assets/Low Poly Weapon Series V 4/Prefabs/New/Weapons/AR_X.prefab	SeriesV4	AR_X	15900	0.0995	0.2922	0.9483	9	9	Standard	False
Assets/Low Poly Weapon Series V 4/Prefabs/New/Weapons/Launcher_G.prefab	SeriesV4	Launcher_G	11038	0.1475	0.3154	1.0766	10	10	Standard	False
Assets/Low Poly Weapon Series V 4/Prefabs/New/Weapons/Pistol_R.prefab	SeriesV4	Pistol_R	5016	0.0548	0.1308	0.3925	7	7	Standard	False
Assets/Low Poly Weapon Series V 4/Prefabs/New/Weapons/ShotGun_P.prefab	SeriesV4	ShotGun_P	6974	0.0433	0.1870	0.6580	9	9	Standard	False
Assets/Low Poly Weapon Series V 4/Prefabs/New/Weapons/Weapon_PreSet/AR_W_PreSet.prefab	SeriesV4	AR_W_PreSet	31656	0.1052	0.3147	0.6605	24	24	Standard	False
Assets/Low Poly Weapon Series V 4/Prefabs/New/Weapons/Weapon_PreSet/AR_X_PreSet.prefab	SeriesV4	AR_X_PreSet	20396	0.1002	0.2922	0.9483	16	16	Standard	False
Assets/Low Poly Weapon Series V 4/Prefabs/New/Weapons/Weapon_PreSet/Launcher_G_PreSet.prefab	SeriesV4	Launcher_G_PreSet	16838	0.1475	0.3154	1.0766	14	14	Standard	False
Assets/Low Poly Weapon Series V 4/Prefabs/New/Weapons/Weapon_PreSet/Pistol_R_PreSet.prefab	SeriesV4	Pistol_R_PreSet	8556	0.0548	0.1348	0.4150	11	11	Standard	False
Assets/Low Poly Weapon Series V 4/Prefabs/New/Weapons/Weapon_PreSet/ShotGun_P_PreSet.prefab	SeriesV4	ShotGun_P_PreSet	11926	0.0654	0.1870	0.6580	16	16	Standard	False
Assets/Low Poly Weapon Series V 4/Prefabs/Previous/Attachments/Accessories/Accessories_Pistol/Rails_Pistol/Rail_Pistol_A.prefab	SeriesV4	Rail_Pistol_A	140	0.0250	0.0100	0.0565	1	1	Standard	False
Assets/Low Poly Weapon Series V 4/Prefabs/Previous/Attachments/Accessories/Accessories_Pistol/Rails_Pistol/Rail_Pistol_B.prefab	SeriesV4	Rail_Pistol_B	140	0.0250	0.0100	0.0565	1	1	Standard	False
Assets/Low Poly Weapon Series V 4/Prefabs/Previous/Attachments/Accessories/Accessories_Pistol/Rails_Pistol/Rail_Pistol_C.prefab	SeriesV4	Rail_Pistol_C	220	0.0250	0.0100	0.0565	1	1	Standard	False
Assets/Low Poly Weapon Series V 4/Prefabs/Previous/Attachments/Accessories/Accessories_Pistol/Tatical Lasers_Pistol/Laser_Pistol_A.prefab	SeriesV4	Laser_Pistol_A	548	0.0325	0.0375	0.0850	1	1	Standard	False
Assets/Low Poly Weapon Series V 4/Prefabs/Previous/Attachments/Accessories/Accessories_Pistol/Tatical Lasers_Pistol/Laser_Pistol_B.prefab	SeriesV4	Laser_Pistol_B	756	0.0425	0.0513	0.0875	1	1	Standard	False
Assets/Low Poly Weapon Series V 4/Prefabs/Previous/Attachments/Accessories/Accessories_Pistol/Tatical Lasers_Pistol/Laser_Pistol_C.prefab	SeriesV4	Laser_Pistol_C	1332	0.0350	0.0518	0.0910	1	1	Standard	False
Assets/Low Poly Weapon Series V 4/Prefabs/Previous/Attachments/Accessories/Accessories_Pistol/Tatical Lights_Pistol/Light_Pistol_A.prefab	SeriesV4	Light_Pistol_A	584	0.0363	0.0467	0.1650	1	1	Standard	False
Assets/Low Poly Weapon Series V 4/Prefabs/Previous/Attachments/Accessories/Accessories_Pistol/Tatical Lights_Pistol/Light_Pistol_B.prefab	SeriesV4	Light_Pistol_B	544	0.0385	0.0476	0.1076	1	1	Standard	False
Assets/Low Poly Weapon Series V 4/Prefabs/Previous/Attachments/Accessories/Accessories_Pistol/Tatical Lights_Pistol/Light_Pistol_C.prefab	SeriesV4	Light_Pistol_C	1022	0.0375	0.0489	0.1300	1	1	Standard	False
Assets/Low Poly Weapon Series V 4/Prefabs/Previous/Attachments/Accessories/BarrelGuard_Chips/BarrelGuard_Chips_A/BarrelGuard_Chip_A_Down.prefab	SeriesV4	BarrelGuard_Chip_A_Down	372	0.0525	0.0151	0.1500	1	1	Standard	False
Assets/Low Poly Weapon Series V 4/Prefabs/Previous/Attachments/Accessories/BarrelGuard_Chips/BarrelGuard_Chips_A/BarrelGuard_Chip_A_Left.prefab	SeriesV4	BarrelGuard_Chip_A_Left	372	0.0151	0.0525	0.1500	1	1	Standard	False
Assets/Low Poly Weapon Series V 4/Prefabs/Previous/Attachments/Accessories/BarrelGuard_Chips/BarrelGuard_Chips_A/BarrelGuard_Chip_A_Right.prefab	SeriesV4	BarrelGuard_Chip_A_Right	372	0.0151	0.0525	0.1500	1	1	Standard	False
Assets/Low Poly Weapon Series V 4/Prefabs/Previous/Attachments/Accessories/BarrelGuard_Chips/BarrelGuard_Chips_A/BarrelGuard_Chip_A_Up.prefab	SeriesV4	BarrelGuard_Chip_A_Up	372	0.0525	0.0151	0.1500	1	1	Standard	False
Assets/Low Poly Weapon Series V 4/Prefabs/Previous/Attachments/Accessories/BarrelGuard_Chips/BarrelGuard_Chips_B/BarrelGuard_Chip_B_Down.prefab	SeriesV4	BarrelGuard_Chip_B_Down	744	0.0525	0.0151	0.1500	1	1	Standard	False
Assets/Low Poly Weapon Series V 4/Prefabs/Previous/Attachments/Accessories/BarrelGuard_Chips/BarrelGuard_Chips_B/BarrelGuard_Chip_B_Left.prefab	SeriesV4	BarrelGuard_Chip_B_Left	744	0.0151	0.0525	0.1500	1	1	Standard	False
Assets/Low Poly Weapon Series V 4/Prefabs/Previous/Attachments/Accessories/BarrelGuard_Chips/BarrelGuard_Chips_B/BarrelGuard_Chip_B_Right.prefab	SeriesV4	BarrelGuard_Chip_B_Right	744	0.0151	0.0525	0.1500	1	1	Standard	False
Assets/Low Poly Weapon Series V 4/Prefabs/Previous/Attachments/Accessories/BarrelGuard_Chips/BarrelGuard_Chips_B/BarrelGuard_Chip_B_Up.prefab	SeriesV4	BarrelGuard_Chip_B_Up	744	0.0525	0.0151	0.1500	1	1	Standard	False
Assets/Low Poly Weapon Series V 4/Prefabs/Previous/Attachments/Accessories/BarrelGuard_Chips/BarrelGuard_Chips_C/BarrelGuard_Chip_C_Down.prefab	SeriesV4	BarrelGuard_Chip_C_Down	1252	0.0525	0.0176	0.1500	1	1	Standard	False
Assets/Low Poly Weapon Series V 4/Prefabs/Previous/Attachments/Accessories/BarrelGuard_Chips/BarrelGuard_Chips_C/BarrelGuard_Chip_C_Left.prefab	SeriesV4	BarrelGuard_Chip_C_Left	1252	0.0176	0.0525	0.1500	1	1	Standard	False
Assets/Low Poly Weapon Series V 4/Prefabs/Previous/Attachments/Accessories/BarrelGuard_Chips/BarrelGuard_Chips_C/BarrelGuard_Chip_C_Right.prefab	SeriesV4	BarrelGuard_Chip_C_Right	1252	0.0176	0.0525	0.1500	1	1	Standard	False
Assets/Low Poly Weapon Series V 4/Prefabs/Previous/Attachments/Accessories/BarrelGuard_Chips/BarrelGuard_Chips_C/BarrelGuard_Chip_C_Up.prefab	SeriesV4	BarrelGuard_Chip_C_Up	1252	0.0525	0.0176	0.1500	1	1	Standard	False
Assets/Low Poly Weapon Series V 4/Prefabs/Previous/Attachments/Accessories/BarrelGuard_Chips/BarrelGuard_Chips_D/BarrelGuard_Chip_D_Down.prefab	SeriesV4	BarrelGuard_Chip_D_Down	1650	0.0525	0.0171	0.1500	1	1	Standard	False
Assets/Low Poly Weapon Series V 4/Prefabs/Previous/Attachments/Accessories/BarrelGuard_Chips/BarrelGuard_Chips_D/BarrelGuard_Chip_D_Left.prefab	SeriesV4	BarrelGuard_Chip_D_Left	1650	0.0171	0.0525	0.1500	1	1	Standard	False
Assets/Low Poly Weapon Series V 4/Prefabs/Previous/Attachments/Accessories/BarrelGuard_Chips/BarrelGuard_Chips_D/BarrelGuard_Chip_D_Right.prefab	SeriesV4	BarrelGuard_Chip_D_Right	1650	0.0171	0.0525	0.1500	1	1	Standard	False
Assets/Low Poly Weapon Series V 4/Prefabs/Previous/Attachments/Accessories/BarrelGuard_Chips/BarrelGuard_Chips_D/BarrelGuard_Chip_D_Up.prefab	SeriesV4	BarrelGuard_Chip_D_Up	1650	0.0525	0.0171	0.1500	1	1	Standard	False
Assets/Low Poly Weapon Series V 4/Prefabs/Previous/Attachments/Accessories/BarrelGuard_Chips/BarrelGuard_Chips_E/BarrelGuard_Chip_E_2_Down.prefab	SeriesV4	BarrelGuard_Chip_E_2_Down	684	0.0525	0.0151	0.1500	1	1	Standard	False
Assets/Low Poly Weapon Series V 4/Prefabs/Previous/Attachments/Accessories/BarrelGuard_Chips/BarrelGuard_Chips_E/BarrelGuard_Chip_E_2_Left.prefab	SeriesV4	BarrelGuard_Chip_E_2_Left	684	0.0151	0.0525	0.1500	1	1	Standard	False
Assets/Low Poly Weapon Series V 4/Prefabs/Previous/Attachments/Accessories/BarrelGuard_Chips/BarrelGuard_Chips_E/BarrelGuard_Chip_E_2_Right.prefab	SeriesV4	BarrelGuard_Chip_E_2_Right	684	0.0151	0.0525	0.1500	1	1	Standard	False
Assets/Low Poly Weapon Series V 4/Prefabs/Previous/Attachments/Accessories/BarrelGuard_Chips/BarrelGuard_Chips_E/BarrelGuard_Chip_E_2_Up.prefab	SeriesV4	BarrelGuard_Chip_E_2_Up	684	0.0525	0.0151	0.1500	1	1	Standard	False
Assets/Low Poly Weapon Series V 4/Prefabs/Previous/Attachments/Accessories/BarrelGuard_Chips/BarrelGuard_Chips_E/BarrelGuard_Chip_E_Down.prefab	SeriesV4	BarrelGuard_Chip_E_Down	484	0.0525	0.0151	0.1500	1	1	Standard	False
Assets/Low Poly Weapon Series V 4/Prefabs/Previous/Attachments/Accessories/BarrelGuard_Chips/BarrelGuard_Chips_E/BarrelGuard_Chip_E_Left.prefab	SeriesV4	BarrelGuard_Chip_E_Left	484	0.0151	0.0525	0.1500	1	1	Standard	False
Assets/Low Poly Weapon Series V 4/Prefabs/Previous/Attachments/Accessories/BarrelGuard_Chips/BarrelGuard_Chips_E/BarrelGuard_Chip_E_Right.prefab	SeriesV4	BarrelGuard_Chip_E_Right	484	0.0151	0.0525	0.1500	1	1	Standard	False
Assets/Low Poly Weapon Series V 4/Prefabs/Previous/Attachments/Accessories/BarrelGuard_Chips/BarrelGuard_Chips_E/BarrelGuard_Chip_E_Up.prefab	SeriesV4	BarrelGuard_Chip_E_Up	484	0.0525	0.0151	0.1500	1	1	Standard	False
Assets/Low Poly Weapon Series V 4/Prefabs/Previous/Attachments/Accessories/BarrelGuard_Loks/BarrelGuard_Lok_A.prefab	SeriesV4	BarrelGuard_Lok_A	636	0.0140	0.0275	0.1059	1	1	Standard	False
Assets/Low Poly Weapon Series V 4/Prefabs/Previous/Attachments/Accessories/BarrelGuard_Loks/BarrelGuard_Lok_A_Sand.prefab	SeriesV4	BarrelGuard_Lok_A_Sand	636	0.0140	0.0275	0.1059	1	1	Standard	False
Assets/Low Poly Weapon Series V 4/Prefabs/Previous/Attachments/Accessories/Equipments/Optic_Recon_Distance Measuring Equipment_A.prefab	SeriesV4	Optic_Recon_Distance Measuring Equipment_A	1164	0.0825	0.0542	0.0853	1	1	Standard	False
Assets/Low Poly Weapon Series V 4/Prefabs/Previous/Attachments/Accessories/Equipments/Optic_Recon_Distance Measuring Equipment_B.prefab	SeriesV4	Optic_Recon_Distance Measuring Equipment_B	1200	0.0550	0.0688	0.1105	1	1	Standard	False
Assets/Low Poly Weapon Series V 4/Prefabs/Previous/Attachments/Accessories/MagKits/MagKit_A.prefab	SeriesV4	MagKit_A	880	0.0625	0.1155	0.1423	1	1	Standard	False
Assets/Low Poly Weapon Series V 4/Prefabs/Previous/Attachments/Accessories/MagKits/MagKit_B.prefab	SeriesV4	MagKit_B	532	0.0535	0.0850	0.1135	1	1	Standard	False
Assets/Low Poly Weapon Series V 4/Prefabs/Previous/Attachments/Accessories/Rail_Risers/Rail_Riser_A.prefab	SeriesV4	Rail_Riser_A	588	0.0550	0.0337	0.1200	1	1	Standard	False
Assets/Low Poly Weapon Series V 4/Prefabs/Previous/Attachments/Accessories/Rail_Risers/Rail_Riser_B.prefab	SeriesV4	Rail_Riser_B	806	0.0550	0.0362	0.1875	1	1	Standard	False
Assets/Low Poly Weapon Series V 4/Prefabs/Previous/Attachments/Accessories/Rail_Risers/Rail_Riser_C.prefab	SeriesV4	Rail_Riser_C	988	0.0493	0.0483	0.0700	1	1	Standard	False
Assets/Low Poly Weapon Series V 4/Prefabs/Previous/Attachments/Accessories/Rail_Risers/Rail_Riser_D.prefab	SeriesV4	Rail_Riser_D	1516	0.0547	0.0495	0.1875	1	1	Standard	False
Assets/Low Poly Weapon Series V 4/Prefabs/Previous/Attachments/Accessories/Rails/Rails_A/Rail_A_Down.prefab	SeriesV4	Rail_A_Down	184	0.0325	0.0120	0.1375	1	1	Standard	False
Assets/Low Poly Weapon Series V 4/Prefabs/Previous/Attachments/Accessories/Rails/Rails_A/Rail_A_Down_Sand.prefab	SeriesV4	Rail_A_Down_Sand	184	0.0325	0.0120	0.1375	1	1	Standard	False
Assets/Low Poly Weapon Series V 4/Prefabs/Previous/Attachments/Accessories/Rails/Rails_A/Rail_A_Left.prefab	SeriesV4	Rail_A_Left	184	0.0120	0.0325	0.1375	1	1	Standard	False
Assets/Low Poly Weapon Series V 4/Prefabs/Previous/Attachments/Accessories/Rails/Rails_A/Rail_A_Left_Sand.prefab	SeriesV4	Rail_A_Left_Sand	184	0.0120	0.0325	0.1375	1	1	Standard	False
Assets/Low Poly Weapon Series V 4/Prefabs/Previous/Attachments/Accessories/Rails/Rails_A/Rail_A_Right.prefab	SeriesV4	Rail_A_Right	184	0.0120	0.0325	0.1375	1	1	Standard	False
Assets/Low Poly Weapon Series V 4/Prefabs/Previous/Attachments/Accessories/Rails/Rails_A/Rail_A_Right_Sand.prefab	SeriesV4	Rail_A_Right_Sand	184	0.0120	0.0325	0.1375	1	1	Standard	False
Assets/Low Poly Weapon Series V 4/Prefabs/Previous/Attachments/Accessories/Rails/Rails_A/Rail_A_Up.prefab	SeriesV4	Rail_A_Up	184	0.0325	0.0120	0.1375	1	1	Standard	False
Assets/Low Poly Weapon Series V 4/Prefabs/Previous/Attachments/Accessories/Rails/Rails_A/Rail_A_Up_Sand.prefab	SeriesV4	Rail_A_Up_Sand	184	0.0325	0.0120	0.1375	1	1	Standard	False
Assets/Low Poly Weapon Series V 4/Prefabs/Previous/Attachments/Accessories/Rails/Rails_B/Rail_B_Down.prefab	SeriesV4	Rail_B_Down	328	0.0325	0.0120	0.1375	1	1	Standard	False
Assets/Low Poly Weapon Series V 4/Prefabs/Previous/Attachments/Accessories/Rails/Rails_B/Rail_B_Down_Sand.prefab	SeriesV4	Rail_B_Down_Sand	328	0.0325	0.0120	0.1375	1	1	Standard	False
Assets/Low Poly Weapon Series V 4/Prefabs/Previous/Attachments/Accessories/Rails/Rails_B/Rail_B_Left.prefab	SeriesV4	Rail_B_Left	328	0.0120	0.0325	0.1375	1	1	Standard	False
Assets/Low Poly Weapon Series V 4/Prefabs/Previous/Attachments/Accessories/Rails/Rails_B/Rail_B_Left_Sand.prefab	SeriesV4	Rail_B_Left_Sand	328	0.0120	0.0325	0.1375	1	1	Standard	False
Assets/Low Poly Weapon Series V 4/Prefabs/Previous/Attachments/Accessories/Rails/Rails_B/Rail_B_Right.prefab	SeriesV4	Rail_B_Right	328	0.0120	0.0325	0.1375	1	1	Standard	False
Assets/Low Poly Weapon Series V 4/Prefabs/Previous/Attachments/Accessories/Rails/Rails_B/Rail_B_Right_Sand.prefab	SeriesV4	Rail_B_Right_Sand	328	0.0120	0.0325	0.1375	1	1	Standard	False
Assets/Low Poly Weapon Series V 4/Prefabs/Previous/Attachments/Accessories/Rails/Rails_B/Rail_B_Up.prefab	SeriesV4	Rail_B_Up	328	0.0325	0.0120	0.1375	1	1	Standard	False
Assets/Low Poly Weapon Series V 4/Prefabs/Previous/Attachments/Accessories/Rails/Rails_B/Rail_B_Up_Sand.prefab	SeriesV4	Rail_B_Up_Sand	328	0.0325	0.0120	0.1375	1	1	Standard	False
Assets/Low Poly Weapon Series V 4/Prefabs/Previous/Attachments/Accessories/Rails/Rails_C/Rail_C_Down.prefab	SeriesV4	Rail_C_Down	264	0.0325	0.0120	0.1375	1	1	Standard	False
Assets/Low Poly Weapon Series V 4/Prefabs/Previous/Attachments/Accessories/Rails/Rails_C/Rail_C_Down_Sand.prefab	SeriesV4	Rail_C_Down_Sand	264	0.0325	0.0120	0.1375	1	1	Standard	False
Assets/Low Poly Weapon Series V 4/Prefabs/Previous/Attachments/Accessories/Rails/Rails_C/Rail_C_Left.prefab	SeriesV4	Rail_C_Left	264	0.0120	0.0325	0.1375	1	1	Standard	False
Assets/Low Poly Weapon Series V 4/Prefabs/Previous/Attachments/Accessories/Rails/Rails_C/Rail_C_Left_Sand.prefab	SeriesV4	Rail_C_Left_Sand	264	0.0120	0.0325	0.1375	1	1	Standard	False
Assets/Low Poly Weapon Series V 4/Prefabs/Previous/Attachments/Accessories/Rails/Rails_C/Rail_C_Right.prefab	SeriesV4	Rail_C_Right	264	0.0120	0.0325	0.1375	1	1	Standard	False
Assets/Low Poly Weapon Series V 4/Prefabs/Previous/Attachments/Accessories/Rails/Rails_C/Rail_C_Right_Sand.prefab	SeriesV4	Rail_C_Right_Sand	264	0.0120	0.0325	0.1375	1	1	Standard	False
Assets/Low Poly Weapon Series V 4/Prefabs/Previous/Attachments/Accessories/Rails/Rails_C/Rail_C_Up.prefab	SeriesV4	Rail_C_Up	264	0.0325	0.0120	0.1375	1	1	Standard	False
Assets/Low Poly Weapon Series V 4/Prefabs/Previous/Attachments/Accessories/Rails/Rails_C/Rail_C_Up_Sand.prefab	SeriesV4	Rail_C_Up_Sand	264	0.0325	0.0120	0.1375	1	1	Standard	False
Assets/Low Poly Weapon Series V 4/Prefabs/Previous/Attachments/Accessories/Rails/Rails_D/Rail_D_Down.prefab	SeriesV4	Rail_D_Down	458	0.0400	0.0125	0.1375	1	1	Standard	False
Assets/Low Poly Weapon Series V 4/Prefabs/Previous/Attachments/Accessories/Rails/Rails_D/Rail_D_Left.prefab	SeriesV4	Rail_D_Left	458	0.0125	0.0400	0.1375	1	1	Standard	False
Assets/Low Poly Weapon Series V 4/Prefabs/Previous/Attachments/Accessories/Rails/Rails_D/Rail_D_Right.prefab	SeriesV4	Rail_D_Right	458	0.0125	0.0400	0.1375	1	1	Standard	False
Assets/Low Poly Weapon Series V 4/Prefabs/Previous/Attachments/Accessories/Rails/Rails_D/Rail_D_Up.prefab	SeriesV4	Rail_D_Up	458	0.0400	0.0125	0.1375	1	1	Standard	False
Assets/Low Poly Weapon Series V 4/Prefabs/Previous/Attachments/Accessories/Tatical Lasers/Laser_I_Left.prefab	SeriesV4	Laser_I_Left	1976	0.0405	0.0648	0.1255	1	1	Standard	False
Assets/Low Poly Weapon Series V 4/Prefabs/Previous/Attachments/Accessories/Tatical Lasers/Laser_I_Right.prefab	SeriesV4	Laser_I_Right	1976	0.0405	0.0648	0.1255	1	1	Standard	False
Assets/Low Poly Weapon Series V 4/Prefabs/Previous/Attachments/Accessories/Tatical Lasers/Laser_J_Left.prefab	SeriesV4	Laser_J_Left	1556	0.0380	0.0663	0.0913	1	1	Standard	False
Assets/Low Poly Weapon Series V 4/Prefabs/Previous/Attachments/Accessories/Tatical Lasers/Laser_J_Right.prefab	SeriesV4	Laser_J_Right	1556	0.0380	0.0663	0.0913	1	1	Standard	False
Assets/Low Poly Weapon Series V 4/Prefabs/Previous/Attachments/Accessories/Tatical Lasers/Laser_K_Left.prefab	SeriesV4	Laser_K_Left	3208	0.0357	0.0670	0.1120	1	1	Standard	False
Assets/Low Poly Weapon Series V 4/Prefabs/Previous/Attachments/Accessories/Tatical Lasers/Laser_K_Right.prefab	SeriesV4	Laser_K_Right	3208	0.0357	0.0670	0.1120	1	1	Standard	False
Assets/Low Poly Weapon Series V 4/Prefabs/Previous/Attachments/Accessories/Tatical Lights/Light_I_Left.prefab	SeriesV4	Light_I_Left	2116	0.0493	0.0456	0.1780	1	1	Standard	False
Assets/Low Poly Weapon Series V 4/Prefabs/Previous/Attachments/Accessories/Tatical Lights/Light_I_Right.prefab	SeriesV4	Light_I_Right	2116	0.0493	0.0456	0.1780	1	1	Standard	False
Assets/Low Poly Weapon Series V 4/Prefabs/Previous/Attachments/Accessories/Tatical Lights/Light_J_Left.prefab	SeriesV4	Light_J_Left	2440	0.0338	0.0453	0.1505	1	1	Standard	False
Assets/Low Poly Weapon Series V 4/Prefabs/Previous/Attachments/Accessories/Tatical Lights/Light_J_Right.prefab	SeriesV4	Light_J_Right	2440	0.0338	0.0453	0.1505	1	1	Standard	False
Assets/Low Poly Weapon Series V 4/Prefabs/Previous/Attachments/Accessories/Tatical Lights/Light_K_Left.prefab	SeriesV4	Light_K_Left	2214	0.0365	0.0475	0.1214	1	1	Standard	False
Assets/Low Poly Weapon Series V 4/Prefabs/Previous/Attachments/Accessories/Tatical Lights/Light_K_Right.prefab	SeriesV4	Light_K_Right	2214	0.0365	0.0475	0.1214	1	1	Standard	False
Assets/Low Poly Weapon Series V 4/Prefabs/Previous/Attachments/Barrels/Muzzles/Muzzle_Brake_H.prefab	SeriesV4	Muzzle_Brake_H	424	0.0368	0.0425	0.0737	1	1	Standard	False
Assets/Low Poly Weapon Series V 4/Prefabs/Previous/Attachments/Barrels/Muzzles/Muzzle_Brake_I.prefab	SeriesV4	Muzzle_Brake_I	804	0.0309	0.0513	0.1224	1	1	Standard	False
Assets/Low Poly Weapon Series V 4/Prefabs/Previous/Attachments/Barrels/Muzzles/Muzzle_Brake_K.prefab	SeriesV4	Muzzle_Brake_K	456	0.0736	0.0368	0.0687	1	1	Standard	False
Assets/Low Poly Weapon Series V 4/Prefabs/Previous/Attachments/Barrels/Muzzles/Muzzle_Device_A.prefab	SeriesV4	Muzzle_Device_A	1496	0.0357	0.0413	0.0950	1	1	Standard	False
Assets/Low Poly Weapon Series V 4/Prefabs/Previous/Attachments/Barrels/Muzzles/Muzzle_Device_B.prefab	SeriesV4	Muzzle_Device_B	536	0.0334	0.0386	0.1670	1	1	Standard	False
Assets/Low Poly Weapon Series V 4/Prefabs/Previous/Attachments/Barrels/Muzzles/Muzzle_Device_C.prefab	SeriesV4	Muzzle_Device_C	992	0.0332	0.0358	0.0928	1	1	Standard	False
Assets/Low Poly Weapon Series V 4/Prefabs/Previous/Attachments/Barrels/Muzzles/Muzzle_Device_D.prefab	SeriesV4	Muzzle_Device_D	484	0.0330	0.0402	0.0487	1	1	Standard	False
Assets/Low Poly Weapon Series V 4/Prefabs/Previous/Attachments/Barrels/Muzzles/Muzzle_Device_E.prefab	SeriesV4	Muzzle_Device_E	1408	0.0325	0.0375	0.0875	1	1	Standard	False
Assets/Low Poly Weapon Series V 4/Prefabs/Previous/Attachments/Barrels/Muzzles/Muzzle_Device_F.prefab	SeriesV4	Muzzle_Device_F	968	0.0290	0.0335	0.1095	1	1	Standard	False
Assets/Low Poly Weapon Series V 4/Prefabs/Previous/Attachments/Barrels/Muzzles/Muzzle_Device_G.prefab	SeriesV4	Muzzle_Device_G	320	0.0288	0.0333	0.0868	1	1	Standard	False
Assets/Low Poly Weapon Series V 4/Prefabs/Previous/Attachments/Barrels/Muzzles/Muzzle_Device_H.prefab	SeriesV4	Muzzle_Device_H	620	0.0299	0.0345	0.0808	1	1	Standard	False
Assets/Low Poly Weapon Series V 4/Prefabs/Previous/Attachments/Barrels/Muzzles/Muzzle_Device_I.prefab	SeriesV4	Muzzle_Device_I	324	0.0342	0.0395	0.0604	1	1	Standard	False
Assets/Low Poly Weapon Series V 4/Prefabs/Previous/Attachments/Barrels/Muzzles/Muzzle_Flash Hider_H.prefab	SeriesV4	Muzzle_Flash Hider_H	848	0.0309	0.0357	0.1224	1	1	Standard	False
Assets/Low Poly Weapon Series V 4/Prefabs/Previous/Attachments/Barrels/Muzzles/Muzzle_Flash Hider_I.prefab	SeriesV4	Muzzle_Flash Hider_I	624	0.0400	0.0403	0.1375	1	1	Standard	False
Assets/Low Poly Weapon Series V 4/Prefabs/Previous/Attachments/Barrels/Muzzles/Muzzle_Flash Hider_J.prefab	SeriesV4	Muzzle_Flash Hider_J	1580	0.0281	0.0325	0.0708	1	1	Standard	False
Assets/Low Poly Weapon Series V 4/Prefabs/Previous/Attachments/Barrels/Muzzles/Muzzle_Flash Hider_K.prefab	SeriesV4	Muzzle_Flash Hider_K	424	0.0286	0.0330	0.0713	1	1	Standard	False
Assets/Low Poly Weapon Series V 4/Prefabs/Previous/Attachments/Barrels/Muzzles/Muzzle_Flash Hider_K_Sand.prefab	SeriesV4	Muzzle_Flash Hider_K_Sand	424	0.0286	0.0330	0.0713	1	1	Standard	False
Assets/Low Poly Weapon Series V 4/Prefabs/Previous/Attachments/Barrels/Muzzles/Muzzle_Suppressor_J.prefab	SeriesV4	Muzzle_Suppressor_J	908	0.0455	0.0525	0.2600	1	1	Standard	False
Assets/Low Poly Weapon Series V 4/Prefabs/Previous/Attachments/Barrels/Muzzles/Muzzle_Suppressor_J_Sand.prefab	SeriesV4	Muzzle_Suppressor_J_Sand	908	0.0455	0.0525	0.2600	1	1	Standard	False
Assets/Low Poly Weapon Series V 4/Prefabs/Previous/Attachments/Barrels/Muzzles/Muzzle_Suppressor_K.prefab	SeriesV4	Muzzle_Suppressor_K	380	0.0448	0.0518	0.2360	1	1	Standard	False
Assets/Low Poly Weapon Series V 4/Prefabs/Previous/Attachments/Barrels/Muzzles_Pistol/Muzzle_Pistol_Brake_A.prefab	SeriesV4	Muzzle_Pistol_Brake_A	1060	0.0281	0.0325	0.0695	1	1	Standard	False
Assets/Low Poly Weapon Series V 4/Prefabs/Previous/Attachments/Barrels/Muzzles_Pistol/Muzzle_Pistol_Brake_B.prefab	SeriesV4	Muzzle_Pistol_Brake_B	632	0.0275	0.0413	0.0578	1	1	Standard	False
Assets/Low Poly Weapon Series V 4/Prefabs/Previous/Attachments/Barrels/Muzzles_Pistol/Muzzle_Pistol_Brake_C.prefab	SeriesV4	Muzzle_Pistol_Brake_C	642	0.0285	0.0489	0.0583	1	1	Standard	False
Assets/Low Poly Weapon Series V 4/Prefabs/Previous/Attachments/Barrels/Muzzles_Pistol/Muzzle_Pistol_Device.prefab	SeriesV4	Muzzle_Pistol_Device	212	0.0218	0.0252	0.0325	1	1	Standard	False
Assets/Low Poly Weapon Series V 4/Prefabs/Previous/Attachments/Barrels/Muzzles_Pistol/Muzzle_Pistol_Device_B.prefab	SeriesV4	Muzzle_Pistol_Device_B	200	0.0399	0.0346	0.0150	1	1	Standard	False
Assets/Low Poly Weapon Series V 4/Prefabs/Previous/Attachments/Barrels/Muzzles_Pistol/Muzzle_Pistol_Flash Hider_A.prefab	SeriesV4	Muzzle_Pistol_Flash Hider_A	416	0.0281	0.0325	0.0750	1	1	Standard	False
Assets/Low Poly Weapon Series V 4/Prefabs/Previous/Attachments/Barrels/Muzzles_Pistol/Muzzle_Pistol_Flash Hider_B.prefab	SeriesV4	Muzzle_Pistol_Flash Hider_B	560	0.0247	0.0285	0.0650	1	1	Standard	False
Assets/Low Poly Weapon Series V 4/Prefabs/Previous/Attachments/Barrels/Muzzles_Pistol/Muzzle_Pistol_Flash Hider_C.prefab	SeriesV4	Muzzle_Pistol_Flash Hider_C	444	0.0305	0.0268	0.0460	1	1	Standard	False
Assets/Low Poly Weapon Series V 4/Prefabs/Previous/Attachments/Barrels/Muzzles_Pistol/Muzzle_Pistol_Suppressor_A.prefab	SeriesV4	Muzzle_Pistol_Suppressor_A	2144	0.0285	0.0300	0.1775	1	1	Standard	False
Assets/Low Poly Weapon Series V 4/Prefabs/Previous/Attachments/Barrels/Muzzles_Pistol/Muzzle_Pistol_Suppressor_B.prefab	SeriesV4	Muzzle_Pistol_Suppressor_B	594	0.0300	0.0450	0.2100	1	1	Standard	False
Assets/Low Poly Weapon Series V 4/Prefabs/Previous/Attachments/Barrels/Muzzles_Pistol/Muzzle_Pistol_Suppressor_C.prefab	SeriesV4	Muzzle_Pistol_Suppressor_C	288	0.0385	0.0385	0.1888	1	1	Standard	False
Assets/Low Poly Weapon Series V 4/Prefabs/Previous/Attachments/Barrels/Muzzles_Recon/Muzzle_Recon_Brake_A.prefab	SeriesV4	Muzzle_Recon_Brake_A	536	0.0425	0.0375	0.0850	1	1	Standard	False
Assets/Low Poly Weapon Series V 4/Prefabs/Previous/Attachments/Barrels/Muzzles_Recon/Muzzle_Recon_Brake_B.prefab	SeriesV4	Muzzle_Recon_Brake_B	368	0.0425	0.0375	0.0775	1	1	Standard	False
Assets/Low Poly Weapon Series V 4/Prefabs/Previous/Attachments/Barrels/Muzzles_Recon/Muzzle_Recon_Brake_C.prefab	SeriesV4	Muzzle_Recon_Brake_C	448	0.0500	0.0525	0.0925	1	1	Standard	False
Assets/Low Poly Weapon Series V 4/Prefabs/Previous/Attachments/Barrels/Muzzles_Recon/Muzzle_Recon_Device_A.prefab	SeriesV4	Muzzle_Recon_Device_A	620	0.0303	0.0350	0.0653	1	1	Standard	False
Assets/Low Poly Weapon Series V 4/Prefabs/Previous/Attachments/Barrels/Muzzles_Recon/Muzzle_Recon_Device_B.prefab	SeriesV4	Muzzle_Recon_Device_B	968	0.0525	0.0450	0.0925	1	1	Standard	False
Assets/Low Poly Weapon Series V 4/Prefabs/Previous/Attachments/Barrels/Muzzles_Recon/Muzzle_Recon_Device_C.prefab	SeriesV4	Muzzle_Recon_Device_C	1212	0.0390	0.0450	0.2750	1	1	Standard	False
Assets/Low Poly Weapon Series V 4/Prefabs/Previous/Attachments/Barrels/Muzzles_Recon/Muzzle_Recon_Flash Hider_A.prefab	SeriesV4	Muzzle_Recon_Flash Hider_A	446	0.0364	0.0420	0.1463	1	1	Standard	False
Assets/Low Poly Weapon Series V 4/Prefabs/Previous/Attachments/Barrels/Muzzles_Recon/Muzzle_Recon_Flash Hider_B.prefab	SeriesV4	Muzzle_Recon_Flash Hider_B	372	0.0381	0.0440	0.1000	1	1	Standard	False
Assets/Low Poly Weapon Series V 4/Prefabs/Previous/Attachments/Barrels/Muzzles_Recon/Muzzle_Recon_Flash Hider_C.prefab	SeriesV4	Muzzle_Recon_Flash Hider_C	616	0.0381	0.0440	0.1735	1	1	Standard	False
Assets/Low Poly Weapon Series V 4/Prefabs/Previous/Attachments/Barrels/Muzzles_Recon/Muzzle_Recon_Suppressor_A.prefab	SeriesV4	Muzzle_Recon_Suppressor_A	292	0.0572	0.0660	0.4175	1	1	Standard	False
Assets/Low Poly Weapon Series V 4/Prefabs/Previous/Attachments/Barrels/Muzzles_Recon/Muzzle_Recon_Suppressor_B.prefab	SeriesV4	Muzzle_Recon_Suppressor_B	260	0.0476	0.0550	0.3225	1	1	Standard	False
Assets/Low Poly Weapon Series V 4/Prefabs/Previous/Attachments/Barrels/Muzzles_Recon/Muzzle_Recon_Suppressor_C.prefab	SeriesV4	Muzzle_Recon_Suppressor_C	1176	0.0572	0.0660	0.3400	1	1	Standard	False
Assets/Low Poly Weapon Series V 4/Prefabs/Previous/Attachments/Barrels/Muzzles_Recon/Muzzle_Recon_Suppressor_D.prefab	SeriesV4	Muzzle_Recon_Suppressor_D	4620	0.0476	0.0550	0.2950	1	1	Standard	False
Assets/Low Poly Weapon Series V 4/Prefabs/Previous/Attachments/Barrels/Muzzles_Recon/Muzzle_Recon_Suppressor_D_Sand.prefab	SeriesV4	Muzzle_Recon_Suppressor_D_Sand	4620	0.0476	0.0550	0.2950	1	1	Standard	False
Assets/Low Poly Weapon Series V 4/Prefabs/Previous/Attachments/Barrels/Muzzles_ShotGun/Muzzle_ShotGun_Device_A.prefab	SeriesV4	Muzzle_ShotGun_Device_A	312	0.0416	0.0480	0.1500	1	1	Standard	False
Assets/Low Poly Weapon Series V 4/Prefabs/Previous/Attachments/Barrels/Muzzles_ShotGun/Muzzle_ShotGun_Device_B.prefab	SeriesV4	Muzzle_ShotGun_Device_B	860	0.0350	0.0404	0.0617	1	1	Standard	False
Assets/Low Poly Weapon Series V 4/Prefabs/Previous/Attachments/Barrels/Muzzles_ShotGun/Muzzle_ShotGun_Device_C.prefab	SeriesV4	Muzzle_ShotGun_Device_C	716	0.0390	0.0450	0.1200	1	1	Standard	False
Assets/Low Poly Weapon Series V 4/Prefabs/Previous/Attachments/Barrels/Muzzles_ShotGun/Muzzle_ShotGun_Flash Hider_A.prefab	SeriesV4	Muzzle_ShotGun_Flash Hider_A	280	0.0333	0.0385	0.0637	1	1	Standard	False
Assets/Low Poly Weapon Series V 4/Prefabs/Previous/Attachments/Barrels/Muzzles_ShotGun/Muzzle_ShotGun_Flash Hider_B.prefab	SeriesV4	Muzzle_ShotGun_Flash Hider_B	760	0.0450	0.0375	0.0825	1	1	Standard	False
Assets/Low Poly Weapon Series V 4/Prefabs/Previous/Attachments/Barrels/Muzzles_ShotGun/Muzzle_ShotGun_Flash Hider_C.prefab	SeriesV4	Muzzle_ShotGun_Flash Hider_C	476	0.0485	0.0560	0.1217	1	1	Standard	False
Assets/Low Poly Weapon Series V 4/Prefabs/Previous/Attachments/Barrels/Muzzles_ShotGun/Muzzle_ShotGun_Shoke_A.prefab	SeriesV4	Muzzle_ShotGun_Shoke_A	168	0.0222	0.0256	0.0175	1	1	Standard	False
Assets/Low Poly Weapon Series V 4/Prefabs/Previous/Attachments/Barrels/Muzzles_ShotGun/Muzzle_ShotGun_Shoke_A_X2.prefab	SeriesV4	Muzzle_ShotGun_Shoke_A_X2	336	0.0222	0.0521	0.0175	1	1	Standard	False
Assets/Low Poly Weapon Series V 4/Prefabs/Previous/Attachments/Barrels/Muzzles_ShotGun/Muzzle_ShotGun_Shoke_B.prefab	SeriesV4	Muzzle_ShotGun_Shoke_B	292	0.0350	0.0350	0.0875	1	1	Standard	False
Assets/Low Poly Weapon Series V 4/Prefabs/Previous/Attachments/Barrels/Muzzles_ShotGun/Muzzle_ShotGun_Suppresor_A.prefab	SeriesV4	Muzzle_ShotGun_Suppresor_A	331	0.0450	0.0875	0.3475	1	1	Standard	False
Assets/Low Poly Weapon Series V 4/Prefabs/Previous/Attachments/Barrels/Muzzles_ShotGun/Muzzle_ShotGun_Suppresor_B.prefab	SeriesV4	Muzzle_ShotGun_Suppresor_B	1500	0.0450	0.0838	0.3175	1	1	Standard	False
Assets/Low Poly Weapon Series V 4/Prefabs/Previous/Attachments/Barrels/Muzzles_ShotGun/Muzzle_ShotGun_Suppresor_C.prefab	SeriesV4	Muzzle_ShotGun_Suppresor_C	716	0.0573	0.0661	0.3188	1	1	Standard	False
Assets/Low Poly Weapon Series V 4/Prefabs/Previous/Attachments/Grips/Grip_A.prefab	SeriesV4	Grip_A	2394	0.0400	0.1540	0.1165	1	1	Standard	False
Assets/Low Poly Weapon Series V 4/Prefabs/Previous/Attachments/Grips/Grip_B.prefab	SeriesV4	Grip_B	762	0.0400	0.1323	0.0926	1	1	Standard	False
Assets/Low Poly Weapon Series V 4/Prefabs/Previous/Attachments/Grips/Grip_C.prefab	SeriesV4	Grip_C	1332	0.0510	0.1358	0.1138	1	1	Standard	False
Assets/Low Poly Weapon Series V 4/Prefabs/Previous/Attachments/Optics/Optics/Optic_AF.prefab	SeriesV4	Optic_AF	1120	0.0518	0.0747	0.1470	2	2	Standard	False
Assets/Low Poly Weapon Series V 4/Prefabs/Previous/Attachments/Optics/Optics/Optic_AG.prefab	SeriesV4	Optic_AG	1812	0.0675	0.1154	0.1450	2	2	Standard	False
Assets/Low Poly Weapon Series V 4/Prefabs/Previous/Attachments/Optics/Optics/Optic_AI.prefab	SeriesV4	Optic_AI	2068	0.0621	0.1084	0.1134	2	2	Standard	False
Assets/Low Poly Weapon Series V 4/Prefabs/Previous/Attachments/Optics/Optics/Optic_AJ.prefab	SeriesV4	Optic_AJ	1670	0.0525	0.0770	0.1559	2	2	Standard	False
Assets/Low Poly Weapon Series V 4/Prefabs/Previous/Attachments/Optics/Optics/Optic_AK.prefab	SeriesV4	Optic_AK	962	0.0530	0.0758	0.0925	2	2	Standard	False
Assets/Low Poly Weapon Series V 4/Prefabs/Previous/Attachments/Optics/Optics/Optic_AL.prefab	SeriesV4	Optic_AL	3398	0.0645	0.1471	0.1948	2	2	Standard	False
Assets/Low Poly Weapon Series V 4/Prefabs/Previous/Attachments/Optics/Optics/Optic_AM.prefab	SeriesV4	Optic_AM	3350	0.0750	0.1218	0.2375	2	2	Standard	False
Assets/Low Poly Weapon Series V 4/Prefabs/Previous/Attachments/Optics/Optics/Optic_AN.prefab	SeriesV4	Optic_AN	1412	0.0636	0.0799	0.1188	2	2	Standard	False
Assets/Low Poly Weapon Series V 4/Prefabs/Previous/Attachments/Optics/Optics/Optic_AO.prefab	SeriesV4	Optic_AO	3024	0.0550	0.1225	0.2150	2	2	Standard	False
Assets/Low Poly Weapon Series V 4/Prefabs/Previous/Attachments/Optics/Optics/Optic_AP.prefab	SeriesV4	Optic_AP	1896	0.0511	0.0706	0.1298	2	2	Standard	False
Assets/Low Poly Weapon Series V 4/Prefabs/Previous/Attachments/Optics/Optics/Optic_AR.prefab	SeriesV4	Optic_AR	7728	0.0776	0.1026	0.3441	3	3	Standard	False
Assets/Low Poly Weapon Series V 4/Prefabs/Previous/Attachments/Optics/Optics/Optic_Z.prefab	SeriesV4	Optic_Z	1936	0.0736	0.1457	0.2426	2	2	Standard	False
Assets/Low Poly Weapon Series V 4/Prefabs/Previous/Attachments/Optics/Optics_Combo/Optic_J.prefab	SeriesV4	Optic_J	2128	0.0638	0.1347	0.1950	3	3	Standard	False
Assets/Low Poly Weapon Series V 4/Prefabs/Previous/Attachments/Optics/Optics_Combo/Optic_L.prefab	SeriesV4	Optic_L	3236	0.0663	0.1008	0.2575	4	4	Standard	False
Assets/Low Poly Weapon Series V 4/Prefabs/Previous/Attachments/Optics/Optics_Combo/Optic_L_2.prefab	SeriesV4	Optic_L_2	3596	0.0663	0.1008	0.3198	4	4	Standard	False
Assets/Low Poly Weapon Series V 4/Prefabs/Previous/Attachments/Optics/Optics_IronSight/Optic_AA.prefab	SeriesV4	Optic_AA	1728	0.0563	0.0708	0.0663	2	2	Standard	False
Assets/Low Poly Weapon Series V 4/Prefabs/Previous/Attachments/Optics/Optics_IronSight/Optic_AB.prefab	SeriesV4	Optic_AB	2440	0.0510	0.0543	0.0420	4	4	Standard	False
Assets/Low Poly Weapon Series V 4/Prefabs/Previous/Attachments/Optics/Optics_IronSight/Optic_AC.prefab	SeriesV4	Optic_AC	1120	0.0490	0.0520	0.0507	2	2	Standard	False
Assets/Low Poly Weapon Series V 4/Prefabs/Previous/Attachments/Optics/Optics_IronSight/Optic_AD.prefab	SeriesV4	Optic_AD	3200	0.0550	0.0623	0.0350	4	4	Standard	False
Assets/Low Poly Weapon Series V 4/Prefabs/Previous/Attachments/Optics/Optics_IronSight/Optic_AE.prefab	SeriesV4	Optic_AE	1860	0.0590	0.0604	0.0400	4	4	Standard	False
Assets/Low Poly Weapon Series V 4/Prefabs/Previous/Attachments/Optics/Optics_IronSight/Optic_AH.prefab	SeriesV4	Optic_AH	1926	0.0500	0.0358	0.0595	2	2	Standard	False
Assets/Low Poly Weapon Series V 4/Prefabs/Previous/Attachments/Optics/Optics_IronSight/Optic_AO.prefab	SeriesV4	Optic_AO	1622	0.0513	0.0508	0.0655	4	4	Standard	False
Assets/Low Poly Weapon Series V 4/Prefabs/Previous/Attachments/Optics/Optics_IronSight/Optic_G.prefab	SeriesV4	Optic_G	2416	0.0575	0.0625	0.0438	4	4	Standard	False
Assets/Low Poly Weapon Series V 4/Prefabs/Previous/Attachments/Optics/Optics_IronSight/Optic_G_2.prefab	SeriesV4	Optic_G_2	2436	0.0575	0.0695	0.0438	4	4	Standard	False
Assets/Low Poly Weapon Series V 4/Prefabs/Previous/Attachments/Optics/Optics_Pistol/Optic_Pistol_G.prefab	SeriesV4	Optic_Pistol_G	1084	0.0390	0.0579	0.0727	2	2	Standard	False
Assets/Low Poly Weapon Series V 4/Prefabs/Previous/Attachments/Optics/Optics_Pistol/Optic_Pistol_H.prefab	SeriesV4	Optic_Pistol_H	1586	0.0389	0.0699	0.0739	2	2	Standard	False
Assets/Low Poly Weapon Series V 4/Prefabs/Previous/Attachments/Optics/Optics_Pistol/Optic_Pistol_I.prefab	SeriesV4	Optic_Pistol_I	850	0.0349	0.0454	0.0753	2	2	Standard	False
Assets/Low Poly Weapon Series V 4/Prefabs/Previous/Attachments/Optics/Optics_Recon/Optic_Recon_L.prefab	SeriesV4	Optic_Recon_L	2550	0.0813	0.1294	0.4256	2	2	Standard	False
Assets/Low Poly Weapon Series V 4/Prefabs/Previous/Attachments/Optics/Optics_Recon/Optic_Recon_M.prefab	SeriesV4	Optic_Recon_M	4520	0.0713	0.1463	0.5918	4	4	Standard	False
Assets/Low Poly Weapon Series V 4/Prefabs/Previous/Attachments/Optics/Optics_Recon/Optic_Recon_N.prefab	SeriesV4	Optic_Recon_N	4566	0.0900	0.1363	0.4888	1	1	Standard	False
Assets/Low Poly Weapon Series V 4/Prefabs/Previous/Attachments/Optics/Optics_Recon/Optic_Recon_O.prefab	SeriesV4	Optic_Recon_O	5048	0.0865	0.1206	0.4250	3	3	Standard	False
Assets/Low Poly Weapon Series V 4/Prefabs/Previous/Attachments/Optics/Optics_Recon/Optic_Recon_R.prefab	SeriesV4	Optic_Recon_R	6204	0.1000	0.1380	0.5138	3	3	Standard	False
Assets/Low Poly Weapon Series V 4/Prefabs/Previous/Attachments/Optics/Optics_Recon/Optic_Recon_S.prefab	SeriesV4	Optic_Recon_S	3340	0.0675	0.1677	0.4643	2	2	Standard	False
Assets/Low Poly Weapon Series V 4/Prefabs/Previous/Attachments/Optics/Optics_Recon/Optic_Recon_U.prefab	SeriesV4	Optic_Recon_U	3320	0.0821	0.1113	0.3705	2	2	Standard	False
Assets/Low Poly Weapon Series V 4/Prefabs/Previous/Attachments/Optics/Optics_Side/Optic_X.prefab	SeriesV4	Optic_X	1280	0.1257	0.1145	0.0759	2	2	Standard	False
Assets/Low Poly Weapon Series V 4/Prefabs/Previous/Attachments/Optics/Optics_Side/Optic_Y.prefab	SeriesV4	Optic_Y	1040	0.1289	0.1202	0.0605	2	2	Standard	False
Assets/Low Poly Weapon Series V 4/Prefabs/Previous/Attachments/Stocks/Stock_A.prefab	SeriesV4	Stock_A	2126	0.0550	0.1613	0.2653	1	1	Standard	False
Assets/Low Poly Weapon Series V 4/Prefabs/Previous/Attachments/Stocks/Stock_B.prefab	SeriesV4	Stock_B	2278	0.0500	0.1613	0.2522	1	1	Standard	False
Assets/Low Poly Weapon Series V 4/Prefabs/Previous/Attachments/Stocks/Stock_C.prefab	SeriesV4	Stock_C	2704	0.0633	0.1785	0.3637	1	1	Standard	False
Assets/Low Poly Weapon Series V 4/Prefabs/Previous/Attachments/Stocks/Stock_D.prefab	SeriesV4	Stock_D	2040	0.0550	0.1700	0.2338	1	1	Standard	False
Assets/Low Poly Weapon Series V 4/Prefabs/Previous/Attachments/Stocks/Stock_D_2.prefab	SeriesV4	Stock_D_2	2234	0.0550	0.1838	0.2338	1	1	Standard	False
Assets/Low Poly Weapon Series V 4/Prefabs/Previous/Attachments/UnderBarrels/Bayonets/Bayonet_A.prefab	SeriesV4	Bayonet_A	1238	0.0415	0.1019	0.3650	1	1	Standard	False
Assets/Low Poly Weapon Series V 4/Prefabs/Previous/Attachments/UnderBarrels/Bayonets/Bayonet_B.prefab	SeriesV4	Bayonet_B	1260	0.0325	0.0994	0.3680	1	1	Standard	False
Assets/Low Poly Weapon Series V 4/Prefabs/Previous/Attachments/UnderBarrels/Bayonets/Bayonet_C.prefab	SeriesV4	Bayonet_C	2176	0.0325	0.1110	0.3276	1	1	Standard	False
Assets/Low Poly Weapon Series V 4/Prefabs/Previous/Attachments/UnderBarrels/Bipods/Bipod_D.prefab	SeriesV4	Bipod_D	3340	0.1189	0.2540	0.0908	3	3	Standard	False
Assets/Low Poly Weapon Series V 4/Prefabs/Previous/Attachments/UnderBarrels/Bipods/Bipod_E.prefab	SeriesV4	Bipod_E	2606	0.1123	0.2590	0.0435	3	3	Standard	False
Assets/Low Poly Weapon Series V 4/Prefabs/Previous/Attachments/UnderBarrels/ForwardGrips/ForwardGrip_AA.prefab	SeriesV4	ForwardGrip_AA	2676	0.0475	0.0913	0.0645	1	1	Standard	False
Assets/Low Poly Weapon Series V 4/Prefabs/Previous/Attachments/UnderBarrels/ForwardGrips/ForwardGrip_AB.prefab	SeriesV4	ForwardGrip_AB	1420	0.0510	0.0900	0.0550	1	1	Standard	False
Assets/Low Poly Weapon Series V 4/Prefabs/Previous/Attachments/UnderBarrels/ForwardGrips/ForwardGrip_AC.prefab	SeriesV4	ForwardGrip_AC	808	0.0535	0.1500	0.0900	1	1	Standard	False
Assets/Low Poly Weapon Series V 4/Prefabs/Previous/Attachments/UnderBarrels/ForwardGrips/ForwardGrip_AD.prefab	SeriesV4	ForwardGrip_AD	696	0.0485	0.0515	0.0850	1	1	Standard	False
Assets/Low Poly Weapon Series V 4/Prefabs/Previous/Attachments/UnderBarrels/ForwardGrips/ForwardGrip_AE.prefab	SeriesV4	ForwardGrip_AE	904	0.0575	0.1175	0.0560	1	1	Standard	False
Assets/Low Poly Weapon Series V 4/Prefabs/Previous/Attachments/UnderBarrels/ForwardGrips/ForwardGrip_AF.prefab	SeriesV4	ForwardGrip_AF	1158	0.0460	0.1144	0.1057	1	1	Standard	False
Assets/Low Poly Weapon Series V 4/Prefabs/Previous/Attachments/UnderBarrels/ForwardGrips/ForwardGrip_AG.prefab	SeriesV4	ForwardGrip_AG	2172	0.0540	0.1463	0.0600	1	1	Standard	False
Assets/Low Poly Weapon Series V 4/Prefabs/Previous/Attachments/UnderBarrels/ForwardGrips/ForwardGrip_AG_Sand.prefab	SeriesV4	ForwardGrip_AG_Sand	2172	0.0540	0.1463	0.0600	1	1	Standard	False
Assets/Low Poly Weapon Series V 4/Prefabs/Previous/Attachments/UnderBarrels/ForwardGrips/ForwardGrip_AH.prefab	SeriesV4	ForwardGrip_AH	1328	0.0490	0.1485	0.0705	1	1	Standard	False
Assets/Low Poly Weapon Series V 4/Prefabs/Previous/Attachments/UnderBarrels/ForwardGrips/ForwardGrip_AH_Sand.prefab	SeriesV4	ForwardGrip_AH_Sand	1328	0.0490	0.1485	0.0705	1	1	Standard	False
Assets/Low Poly Weapon Series V 4/Prefabs/Previous/Attachments/UnderBarrels/ForwardGrips/ForwardGrip_AI.prefab	SeriesV4	ForwardGrip_AI	1164	0.0465	0.1374	0.1122	1	1	Standard	False
Assets/Low Poly Weapon Series V 4/Prefabs/Previous/Attachments/UnderBarrels/ForwardGrips/ForwardGrip_AJ.prefab	SeriesV4	ForwardGrip_AJ	1756	0.0465	0.1263	0.1294	1	1	Standard	False
Assets/Low Poly Weapon Series V 4/Prefabs/Previous/Attachments/UnderBarrels/ForwardGrips/ForwardGrip_W.prefab	SeriesV4	ForwardGrip_W	574	0.0450	0.0865	0.0634	1	1	Standard	False
Assets/Low Poly Weapon Series V 4/Prefabs/Previous/Attachments/UnderBarrels/ForwardGrips/ForwardGrip_W_Sand.prefab	SeriesV4	ForwardGrip_W_Sand	574	0.0450	0.0865	0.0634	1	1	Standard	False
Assets/Low Poly Weapon Series V 4/Prefabs/Previous/Attachments/UnderBarrels/ForwardGrips/ForwardGrip_X.prefab	SeriesV4	ForwardGrip_X	916	0.0525	0.1613	0.0625	1	1	Standard	False
Assets/Low Poly Weapon Series V 4/Prefabs/Previous/Attachments/UnderBarrels/ForwardGrips/ForwardGrip_X_Sand.prefab	SeriesV4	ForwardGrip_X_Sand	916	0.0525	0.1613	0.0625	1	1	Standard	False
Assets/Low Poly Weapon Series V 4/Prefabs/Previous/Attachments/UnderBarrels/ForwardGrips/ForwardGrip_Y.prefab	SeriesV4	ForwardGrip_Y	576	0.0470	0.0903	0.0485	1	1	Standard	False
Assets/Low Poly Weapon Series V 4/Prefabs/Previous/Attachments/UnderBarrels/ForwardGrips/ForwardGrip_Z.prefab	SeriesV4	ForwardGrip_Z	1158	0.0500	0.0533	0.0665	1	1	Standard	False
Assets/Low Poly Weapon Series V 4/Prefabs/Previous/Attachments/UnderBarrels/MasterKeys/MasterKey_A.prefab	SeriesV4	MasterKey_A	4346	0.0636	0.2234	0.4832	7	7	Standard	False
Assets/Low Poly Weapon Series V 4/Prefabs/Previous/Attachments/UnderBarrels/MasterKeys/MasterKey_B.prefab	SeriesV4	MasterKey_B	2154	0.0550	0.1355	0.5814	3	3	Standard	False
Assets/Low Poly Weapon Series V 4/Prefabs/Previous/Bullets/Bullets/Bullet_A.prefab	SeriesV4	Bullet_A	172	0.0121	0.0140	0.0740	2	2	Standard	False
Assets/Low Poly Weapon Series V 4/Prefabs/Previous/Bullets/Bullets/Bullet_B.prefab	SeriesV4	Bullet_B	268	0.0121	0.0140	0.0720	2	2	Standard	False
Assets/Low Poly Weapon Series V 4/Prefabs/Previous/Bullets/Bullets/Bullet_Belt.prefab	SeriesV4	Bullet_Belt	104	0.0180	0.0160	0.0175	1	1	Standard	False
Assets/Low Poly Weapon Series V 4/Prefabs/Previous/Bullets/Bullets/Bullet_Belt_B.prefab	SeriesV4	Bullet_Belt_B	280	0.0180	0.0168	0.0308	1	1	Standard	False
Assets/Low Poly Weapon Series V 4/Prefabs/Previous/Bullets/Bullets/Bullet_C.prefab	SeriesV4	Bullet_C	196	0.0121	0.0140	0.0750	2	2	Standard	False
Assets/Low Poly Weapon Series V 4/Prefabs/Previous/Bullets/Bullets/Bullet_D.prefab	SeriesV4	Bullet_D	184	0.0120	0.0139	0.0652	2	2	Standard	False
Assets/Low Poly Weapon Series V 4/Prefabs/Previous/Bullets/Bullets/Bullet_E.prefab	SeriesV4	Bullet_E	208	0.0121	0.0140	0.0725	2	2	Standard	False
Assets/Low Poly Weapon Series V 4/Prefabs/Previous/Bullets/Bullets_Grenades/Bullets_Grenade_PreSet/Bullets_Grenade_D.prefab	SeriesV4	Bullets_Grenade_D	968	0.0348	0.0402	0.0683	4	4	Standard	False
Assets/Low Poly Weapon Series V 4/Prefabs/Previous/Bullets/Bullets_Grenades/Grenade_C.prefab	SeriesV4	Grenade_C	328	0.0351	0.0405	0.0652	2	2	Standard	False
Assets/Low Poly Weapon Series V 4/Prefabs/Previous/Bullets/Bullets_Grenades/Grenade_D.prefab	SeriesV4	Grenade_D	484	0.0348	0.0402	0.0683	2	2	Standard	False
Assets/Low Poly Weapon Series V 4/Prefabs/Previous/Bullets/Bullets_Pistol/Bullet_Pistol_A.prefab	SeriesV4	Bullet_Pistol_A	148	0.0116	0.0134	0.0323	2	2	Standard	False
Assets/Low Poly Weapon Series V 4/Prefabs/Previous/Bullets/Bullets_Pistol/Bullet_Pistol_B.prefab	SeriesV4	Bullet_Pistol_B	196	0.0116	0.0134	0.0323	2	2	Standard	False
Assets/Low Poly Weapon Series V 4/Prefabs/Previous/Bullets/Bullets_Pistol/Bullet_Pistol_C.prefab	SeriesV4	Bullet_Pistol_C	172	0.0116	0.0134	0.0330	2	2	Standard	False
Assets/Low Poly Weapon Series V 4/Prefabs/Previous/Bullets/Bullets_Pistol/Bullet_Pistol_D.prefab	SeriesV4	Bullet_Pistol_D	184	0.0116	0.0134	0.0323	2	2	Standard	False
Assets/Low Poly Weapon Series V 4/Prefabs/Previous/Bullets/Bullets_Pistol/Bullet_Pistol_E.prefab	SeriesV4	Bullet_Pistol_E	220	0.0116	0.0134	0.0330	2	2	Standard	False
Assets/Low Poly Weapon Series V 4/Prefabs/Previous/Bullets/Bullets_Recon/Bullet_Recon_A.prefab	SeriesV4	Bullet_Recon_A	184	0.0183	0.0211	0.1046	2	2	Standard	False
Assets/Low Poly Weapon Series V 4/Prefabs/Previous/Bullets/Bullets_Recon/Bullet_Recon_B.prefab	SeriesV4	Bullet_Recon_B	280	0.0183	0.0211	0.0979	2	2	Standard	False
Assets/Low Poly Weapon Series V 4/Prefabs/Previous/Bullets/Bullets_Recon/Bullet_Recon_C.prefab	SeriesV4	Bullet_Recon_C	208	0.0183	0.0211	0.1046	2	2	Standard	False
Assets/Low Poly Weapon Series V 4/Prefabs/Previous/Bullets/Bullets_Recon/Bullet_Recon_D.prefab	SeriesV4	Bullet_Recon_D	232	0.0183	0.0211	0.1029	2	2	Standard	False
Assets/Low Poly Weapon Series V 4/Prefabs/Previous/Bullets/Bullets_Recon/Bullet_Recon_E.prefab	SeriesV4	Bullet_Recon_E	208	0.0183	0.0211	0.1036	2	2	Standard	False
Assets/Low Poly Weapon Series V 4/Prefabs/Previous/Bullets/Bullets_ShotGun/Bullet_ShotGun_A.prefab	SeriesV4	Bullet_ShotGun_A	164	0.0238	0.0275	0.0813	1	1	Standard	False
Assets/Low Poly Weapon Series V 4/Prefabs/Previous/Bullets/Bullets_ShotGun/Bullet_ShotGun_B.prefab	SeriesV4	Bullet_ShotGun_B	188	0.0238	0.0275	0.0813	1	1	Standard	False
Assets/Low Poly Weapon Series V 4/Prefabs/Previous/Bullets/Bullets_ShotGun/Bullet_ShotGun_C.prefab	SeriesV4	Bullet_ShotGun_C	476	0.0238	0.0275	0.0813	1	1	Standard	False
Assets/Low Poly Weapon Series V 4/Prefabs/Previous/Bullets/Bullets_ShotGun/Bullet_ShotGun_D.prefab	SeriesV4	Bullet_ShotGun_D	240	0.0238	0.0275	0.0813	1	1	Standard	False
Assets/Low Poly Weapon Series V 4/Prefabs/Previous/Bullets/Bullets_ShotGun/Bullet_ShotGun_E.prefab	SeriesV4	Bullet_ShotGun_E	236	0.0238	0.0275	0.0825	1	1	Standard	False
Assets/Low Poly Weapon Series V 4/Prefabs/Previous/Bullets/Bullets_ShotGun/Bullet_ShotGun_F.prefab	SeriesV4	Bullet_ShotGun_F	296	0.0226	0.0261	0.0813	1	1	Standard	False
Assets/Low Poly Weapon Series V 4/Prefabs/Previous/Bullets/Bullets_ShotGun/Bullets_ShotGun_PreSet/Bullets_ShotGun_F.prefab	SeriesV4	Bullets_ShotGun_F	888	0.0226	0.0261	0.0813	3	3	Standard	False
Assets/Low Poly Weapon Series V 4/Prefabs/Previous/Bullets/Bullets_SMG/Bullet_SMG_A.prefab	SeriesV4	Bullet_SMG_A	148	0.0133	0.0154	0.0330	2	2	Standard	False
Assets/Low Poly Weapon Series V 4/Prefabs/Previous/Bullets/Bullets_SMG/Bullet_SMG_B.prefab	SeriesV4	Bullet_SMG_B	196	0.0133	0.0154	0.0330	2	2	Standard	False
Assets/Low Poly Weapon Series V 4/Prefabs/Previous/Bullets/Bullets_SMG/Bullet_SMG_C.prefab	SeriesV4	Bullet_SMG_C	172	0.0133	0.0154	0.0343	2	2	Standard	False
Assets/Low Poly Weapon Series V 4/Prefabs/Previous/Bullets/Bullets_SMG/Bullet_SMG_D.prefab	SeriesV4	Bullet_SMG_D	184	0.0133	0.0154	0.0338	2	2	Standard	False
Assets/Low Poly Weapon Series V 4/Prefabs/Previous/Bullets/Bullets_SMG/Bullet_SMG_E.prefab	SeriesV4	Bullet_SMG_E	208	0.0121	0.0140	0.0337	2	2	Standard	False
Assets/Low Poly Weapon Series V 4/Prefabs/Previous/Grenades/ClayMore_A.prefab	SeriesV4	ClayMore_A	2526	0.1375	0.1158	0.0444	3	3	Standard	False
Assets/Low Poly Weapon Series V 4/Prefabs/Previous/Grenades/Flash Grenade_A.prefab	SeriesV4	Flash Grenade_A	2466	0.0881	0.2263	0.0528	6	6	Standard	False
Assets/Low Poly Weapon Series V 4/Prefabs/Previous/Grenades/Frag_Grenade_A.prefab	SeriesV4	Frag_Grenade_A	1438	0.1205	0.1697	0.0859	4	4	Standard	False
Assets/Low Poly Weapon Series V 4/Prefabs/Previous/Grenades/Impact Grenade_A.prefab	SeriesV4	Impact Grenade_A	948	0.0733	0.0734	0.0733	3	3	Standard	False
Assets/Low Poly Weapon Series V 4/Prefabs/Previous/Grenades/Land Mine_A.prefab	SeriesV4	Land Mine_A	2146	0.1915	0.0589	0.1903	3	3	Standard	False
Assets/Low Poly Weapon Series V 4/Prefabs/Previous/Grenades/Smoke Grenade_A.prefab	SeriesV4	Smoke Grenade_A	1326	0.0928	0.2079	0.0675	4	4	Standard	False
Assets/Low Poly Weapon Series V 4/Prefabs/Previous/Grenades/Stun Grenade_A.prefab	SeriesV4	Stun Grenade_A	4646	0.0878	0.2263	0.0577	4	4	Standard	False
Assets/Low Poly Weapon Series V 4/Prefabs/Previous/WeaponCases/WeaponCase_A.prefab	SeriesV4	WeaponCase_A	4720	1.5050	0.1650	0.6100	2	2	Standard	False
Assets/Low Poly Weapon Series V 4/Prefabs/Previous/WeaponCases/WeaponCase_B.prefab	SeriesV4	WeaponCase_B	2364	0.4975	0.1925	0.5763	2	2	Standard	False
Assets/Low Poly ShotGun Weapon Pack 2/Prefabs/Attachments/Accessories/Rails/Rail_A_Down.prefab	ShotgunPack2	Rail_A_Down	184	0.0325	0.0120	0.1375	1	1	Standard	False
Assets/Low Poly ShotGun Weapon Pack 2/Prefabs/Attachments/Accessories/Rails/Rail_A_Left.prefab	ShotgunPack2	Rail_A_Left	184	0.0120	0.0325	0.1375	1	1	Standard	False
Assets/Low Poly ShotGun Weapon Pack 2/Prefabs/Attachments/Accessories/Rails/Rail_A_Right.prefab	ShotgunPack2	Rail_A_Right	184	0.0120	0.0325	0.1375	1	1	Standard	False
Assets/Low Poly ShotGun Weapon Pack 2/Prefabs/Attachments/Accessories/Rails/Rail_A_Up.prefab	ShotgunPack2	Rail_A_Up	184	0.0325	0.0120	0.1375	1	1	Standard	False
Assets/Low Poly ShotGun Weapon Pack 2/Prefabs/Attachments/Accessories/Tatical Lasers/Laser_A_Left.prefab	ShotgunPack2	Laser_A_Left	346	0.0387	0.0650	0.1275	1	1	Standard	False
Assets/Low Poly ShotGun Weapon Pack 2/Prefabs/Attachments/Accessories/Tatical Lasers/Laser_A_Right.prefab	ShotgunPack2	Laser_A_Right	346	0.0387	0.0650	0.1275	1	1	Standard	False
Assets/Low Poly ShotGun Weapon Pack 2/Prefabs/Attachments/Accessories/Tatical Lasers/Laser_B_Left.prefab	ShotgunPack2	Laser_B_Left	544	0.0387	0.0700	0.1325	1	1	Standard	False
Assets/Low Poly ShotGun Weapon Pack 2/Prefabs/Attachments/Accessories/Tatical Lasers/Laser_B_Right.prefab	ShotgunPack2	Laser_B_Right	544	0.0387	0.0700	0.1325	1	1	Standard	False
Assets/Low Poly ShotGun Weapon Pack 2/Prefabs/Attachments/Accessories/Tatical Lasers/Laser_C_Left.prefab	ShotgunPack2	Laser_C_Left	718	0.0338	0.0775	0.1013	1	1	Standard	False
Assets/Low Poly ShotGun Weapon Pack 2/Prefabs/Attachments/Accessories/Tatical Lasers/Laser_C_Right.prefab	ShotgunPack2	Laser_C_Right	718	0.0338	0.0775	0.1013	1	1	Standard	False
Assets/Low Poly ShotGun Weapon Pack 2/Prefabs/Attachments/Accessories/Tatical Lasers/Laser_D_Left.prefab	ShotgunPack2	Laser_D_Left	796	0.0413	0.0750	0.1250	1	1	Standard	False
Assets/Low Poly ShotGun Weapon Pack 2/Prefabs/Attachments/Accessories/Tatical Lasers/Laser_D_Right.prefab	ShotgunPack2	Laser_D_Right	796	0.0413	0.0750	0.1250	1	1	Standard	False
Assets/Low Poly ShotGun Weapon Pack 2/Prefabs/Attachments/Accessories/Tatical Lasers/Laser_G_Left.prefab	ShotgunPack2	Laser_G_Left	780	0.0337	0.0633	0.1018	1	1	Standard	False
Assets/Low Poly ShotGun Weapon Pack 2/Prefabs/Attachments/Accessories/Tatical Lasers/Laser_G_Right.prefab	ShotgunPack2	Laser_G_Right	780	0.0337	0.0633	0.1018	1	1	Standard	False
Assets/Low Poly ShotGun Weapon Pack 2/Prefabs/Attachments/Accessories/Tatical Lights/Light_A_Left.prefab	ShotgunPack2	Light_A_Left	520	0.0564	0.0490	0.1875	2	2	Standard	False
Assets/Low Poly ShotGun Weapon Pack 2/Prefabs/Attachments/Accessories/Tatical Lights/Light_A_Right.prefab	ShotgunPack2	Light_A_Right	520	0.0564	0.0490	0.1875	2	2	Standard	False
Assets/Low Poly ShotGun Weapon Pack 2/Prefabs/Attachments/Accessories/Tatical Lights/Light_B_Left.prefab	ShotgunPack2	Light_B_Left	622	0.0446	0.0705	0.1375	2	2	Standard	False
Assets/Low Poly ShotGun Weapon Pack 2/Prefabs/Attachments/Accessories/Tatical Lights/Light_B_Right.prefab	ShotgunPack2	Light_B_Right	622	0.0446	0.0705	0.1375	2	2	Standard	False
Assets/Low Poly ShotGun Weapon Pack 2/Prefabs/Attachments/Accessories/Tatical Lights/Light_C_Left.prefab	ShotgunPack2	Light_C_Left	456	0.0275	0.0375	0.0613	1	1	Standard	False
Assets/Low Poly ShotGun Weapon Pack 2/Prefabs/Attachments/Accessories/Tatical Lights/Light_C_Right.prefab	ShotgunPack2	Light_C_Right	456	0.0275	0.0375	0.0613	1	1	Standard	False
Assets/Low Poly ShotGun Weapon Pack 2/Prefabs/Attachments/Accessories/Tatical Lights/Light_D_Left.prefab	ShotgunPack2	Light_D_Left	784	0.0612	0.0555	0.1525	1	1	Standard	False
Assets/Low Poly ShotGun Weapon Pack 2/Prefabs/Attachments/Accessories/Tatical Lights/Light_D_Right.prefab	ShotgunPack2	Light_D_Right	784	0.0612	0.0555	0.1525	1	1	Standard	False
Assets/Low Poly ShotGun Weapon Pack 2/Prefabs/Attachments/Accessories/Tatical Lights/Light_G_Left.prefab	ShotgunPack2	Light_G_Left	660	0.0375	0.0440	0.1700	1	1	Standard	False
Assets/Low Poly ShotGun Weapon Pack 2/Prefabs/Attachments/Accessories/Tatical Lights/Light_G_Right.prefab	ShotgunPack2	Light_G_Right	660	0.0375	0.0440	0.1700	1	1	Standard	False
Assets/Low Poly ShotGun Weapon Pack 2/Prefabs/Attachments/Barrels/Muzzles_ShotGun/Muzzle_ShotGun_Flash Hider_A.prefab	ShotgunPack2	Muzzle_ShotGun_Flash Hider_A	280	0.0333	0.0385	0.0637	1	1	Standard	False
Assets/Low Poly ShotGun Weapon Pack 2/Prefabs/Attachments/Barrels/Muzzles_ShotGun/Muzzle_ShotGun_Flash Hider_B.prefab	ShotgunPack2	Muzzle_ShotGun_Flash Hider_B	760	0.0450	0.0375	0.0825	1	1	Standard	False
Assets/Low Poly ShotGun Weapon Pack 2/Prefabs/Attachments/Barrels/Muzzles_ShotGun/Muzzle_ShotGun_Shoke_A.prefab	ShotgunPack2	Muzzle_ShotGun_Shoke_A	168	0.0222	0.0256	0.0175	1	1	Standard	False
Assets/Low Poly ShotGun Weapon Pack 2/Prefabs/Attachments/Barrels/Muzzles_ShotGun/Muzzle_ShotGun_Shoke_B.prefab	ShotgunPack2	Muzzle_ShotGun_Shoke_B	292	0.0350	0.0350	0.0875	1	1	Standard	False
Assets/Low Poly ShotGun Weapon Pack 2/Prefabs/Attachments/Barrels/Muzzles_ShotGun/Muzzle_ShotGun_Suppresor_A.prefab	ShotgunPack2	Muzzle_ShotGun_Suppresor_A	331	0.0450	0.0875	0.3475	1	1	Standard	False
Assets/Low Poly ShotGun Weapon Pack 2/Prefabs/Attachments/Barrels/Muzzles_ShotGun/Muzzle_ShotGun_Suppresor_B.prefab	ShotgunPack2	Muzzle_ShotGun_Suppresor_B	1500	0.0450	0.0838	0.3175	1	1	Standard	False
Assets/Low Poly ShotGun Weapon Pack 2/Prefabs/Attachments/Optics/Optic_A.prefab	ShotgunPack2	Optic_A	524	0.0450	0.0658	0.0756	2	2	Standard	False
Assets/Low Poly ShotGun Weapon Pack 2/Prefabs/Attachments/Optics/Optic_B.prefab	ShotgunPack2	Optic_B	606	0.0500	0.0876	0.1300	2	2	Standard	False
Assets/Low Poly ShotGun Weapon Pack 2/Prefabs/Attachments/Optics/Optic_C.prefab	ShotgunPack2	Optic_C	932	0.0645	0.1243	0.2020	2	2	Standard	False
Assets/Low Poly ShotGun Weapon Pack 2/Prefabs/Attachments/Optics/Optic_D.prefab	ShotgunPack2	Optic_D	786	0.0512	0.0896	0.1600	2	2	Standard	False
Assets/Low Poly ShotGun Weapon Pack 2/Prefabs/Attachments/Optics/Optic_E.prefab	ShotgunPack2	Optic_E	858	0.0600	0.0861	0.0881	2	2	Standard	False
Assets/Low Poly ShotGun Weapon Pack 2/Prefabs/Attachments/Optics/Optic_F.prefab	ShotgunPack2	Optic_F	858	0.0550	0.1031	0.0900	2	2	Standard	False
Assets/Low Poly ShotGun Weapon Pack 2/Prefabs/Attachments/Optics/Optic_G.prefab	ShotgunPack2	Optic_G	932	0.0575	0.0712	0.0438	4	4	Standard	False
Assets/Low Poly ShotGun Weapon Pack 2/Prefabs/Attachments/Optics/Optic_H.prefab	ShotgunPack2	Optic_H	1798	0.0663	0.1461	0.1763	2	2	Standard	False
Assets/Low Poly ShotGun Weapon Pack 2/Prefabs/Attachments/Optics/Optic_I.prefab	ShotgunPack2	Optic_I	1220	0.0600	0.0918	0.1175	2	2	Standard	False
Assets/Low Poly ShotGun Weapon Pack 2/Prefabs/Attachments/Optics/Optic_J.prefab	ShotgunPack2	Optic_J	2128	0.0638	0.1347	0.1950	3	3	Standard	False
Assets/Low Poly ShotGun Weapon Pack 2/Prefabs/Attachments/Optics/Optic_K.prefab	ShotgunPack2	Optic_K	1220	0.0667	0.1239	0.2097	2	2	Standard	False
Assets/Low Poly ShotGun Weapon Pack 2/Prefabs/Attachments/Optics/Optic_L.prefab	ShotgunPack2	Optic_L	2052	0.0675	0.1008	0.2575	4	4	Standard	False
Assets/Low Poly ShotGun Weapon Pack 2/Prefabs/Attachments/Optics/Optic_S.prefab	ShotgunPack2	Optic_S	1284	0.0588	0.1035	0.1675	2	2	Standard	False
Assets/Low Poly ShotGun Weapon Pack 2/Prefabs/Attachments/Optics/Optic_T.prefab	ShotgunPack2	Optic_T	802	0.0775	0.0803	0.1498	2	2	Standard	False
Assets/Low Poly ShotGun Weapon Pack 2/Prefabs/Attachments/Optics/Optic_U.prefab	ShotgunPack2	Optic_U	1130	0.0550	0.0638	0.0863	2	2	Standard	False
Assets/Low Poly ShotGun Weapon Pack 2/Prefabs/Attachments/UnderBarrels/ForwardGrips/ForwardGrip_A.prefab	ShotgunPack2	ForwardGrip_A	352	0.0525	0.0775	0.1700	1	1	Standard	False
Assets/Low Poly ShotGun Weapon Pack 2/Prefabs/Attachments/UnderBarrels/ForwardGrips/ForwardGrip_B.prefab	ShotgunPack2	ForwardGrip_B	284	0.0500	0.1050	0.0675	1	1	Standard	False
Assets/Low Poly ShotGun Weapon Pack 2/Prefabs/Attachments/UnderBarrels/ForwardGrips/ForwardGrip_C.prefab	ShotgunPack2	ForwardGrip_C	352	0.0440	0.1550	0.0600	1	1	Standard	False
Assets/Low Poly ShotGun Weapon Pack 2/Prefabs/Attachments/UnderBarrels/ForwardGrips/ForwardGrip_D.prefab	ShotgunPack2	ForwardGrip_D	624	0.0450	0.1150	0.0700	1	1	Standard	False
Assets/Low Poly ShotGun Weapon Pack 2/Prefabs/Attachments/UnderBarrels/ForwardGrips/ForwardGrip_E.prefab	ShotgunPack2	ForwardGrip_E	488	0.0500	0.1638	0.0450	1	1	Standard	False
Assets/Low Poly ShotGun Weapon Pack 2/Prefabs/Attachments/UnderBarrels/ForwardGrips/ForwardGrip_F.prefab	ShotgunPack2	ForwardGrip_F	450	0.0500	0.0700	0.1275	1	1	Standard	False
Assets/Low Poly ShotGun Weapon Pack 2/Prefabs/Attachments/UnderBarrels/ForwardGrips/ForwardGrip_G.prefab	ShotgunPack2	ForwardGrip_G	386	0.0525	0.0563	0.0565	1	1	Standard	False
Assets/Low Poly ShotGun Weapon Pack 2/Prefabs/Attachments/UnderBarrels/ForwardGrips/ForwardGrip_H.prefab	ShotgunPack2	ForwardGrip_H	532	0.0475	0.1175	0.0625	1	1	Standard	False
Assets/Low Poly ShotGun Weapon Pack 2/Prefabs/Attachments/UnderBarrels/ForwardGrips/ForwardGrip_I.prefab	ShotgunPack2	ForwardGrip_I	616	0.0500	0.1000	0.1538	1	1	Standard	False
Assets/Low Poly ShotGun Weapon Pack 2/Prefabs/Attachments/UnderBarrels/ForwardGrips/ForwardGrip_R.prefab	ShotgunPack2	ForwardGrip_R	388	0.0450	0.1163	0.1068	1	1	Standard	False
Assets/Low Poly ShotGun Weapon Pack 2/Prefabs/Attachments/UnderBarrels/ForwardGrips/ForwardGrip_S.prefab	ShotgunPack2	ForwardGrip_S	360	0.0500	0.1050	0.0638	1	1	Standard	False
Assets/Low Poly ShotGun Weapon Pack 2/Prefabs/Attachments/UnderBarrels/ForwardGrips/ForwardGrip_T.prefab	ShotgunPack2	ForwardGrip_T	892	0.0475	0.1638	0.0575	1	1	Standard	False
Assets/Low Poly ShotGun Weapon Pack 2/Prefabs/Bullets/Bullet_ShotGun_A.prefab	ShotgunPack2	Bullet_ShotGun_A	164	0.0238	0.0275	0.0813	1	1	Standard	False
Assets/Low Poly ShotGun Weapon Pack 2/Prefabs/Bullets/Bullet_ShotGun_B.prefab	ShotgunPack2	Bullet_ShotGun_B	188	0.0238	0.0275	0.0813	1	1	Standard	False
Assets/Low Poly ShotGun Weapon Pack 2/Prefabs/Bullets/Bullet_ShotGun_C.prefab	ShotgunPack2	Bullet_ShotGun_C	476	0.0238	0.0275	0.0813	1	1	Standard	False
Assets/Low Poly ShotGun Weapon Pack 2/Prefabs/Bullets/Bullet_ShotGun_D.prefab	ShotgunPack2	Bullet_ShotGun_D	240	0.0238	0.0275	0.0813	1	1	Standard	False
Assets/Low Poly ShotGun Weapon Pack 2/Prefabs/Weapons/ShotGun_F.prefab	ShotgunPack2	ShotGun_F	7706	0.0894	0.2200	0.5693	10	10	Standard	False
Assets/Low Poly ShotGun Weapon Pack 2/Prefabs/Weapons/ShotGun_G.prefab	ShotgunPack2	ShotGun_G	6822	0.0688	0.2131	0.5335	10	10	Standard	False
Assets/Low Poly ShotGun Weapon Pack 2/Prefabs/Weapons/ShotGun_H.prefab	ShotgunPack2	ShotGun_H	6648	0.1018	0.3009	0.5844	11	11	Standard	False
Assets/Low Poly ShotGun Weapon Pack 2/Prefabs/Weapons/ShotGun_I.prefab	ShotgunPack2	ShotGun_I	8498	0.1175	0.2529	0.5560	13	13	Standard	False
Assets/Low Poly ShotGun Weapon Pack 2/Prefabs/Weapons/ShotGun_J.prefab	ShotgunPack2	ShotGun_J	6636	0.1025	0.3025	0.6189	8	8	Standard	False
Assets/Low Poly SMG Weapon Pack 2/Prefabs/Attachments/Accessories/Rails/Rail_A_Down.prefab	SMGPack2	Rail_A_Down	184	0.0325	0.0120	0.1375	1	1	Standard	False
Assets/Low Poly SMG Weapon Pack 2/Prefabs/Attachments/Accessories/Rails/Rail_A_Left.prefab	SMGPack2	Rail_A_Left	184	0.0120	0.0325	0.1375	1	1	Standard	False
Assets/Low Poly SMG Weapon Pack 2/Prefabs/Attachments/Accessories/Rails/Rail_A_Right.prefab	SMGPack2	Rail_A_Right	184	0.0120	0.0325	0.1375	1	1	Standard	False
Assets/Low Poly SMG Weapon Pack 2/Prefabs/Attachments/Accessories/Rails/Rail_A_Up.prefab	SMGPack2	Rail_A_Up	184	0.0325	0.0120	0.1375	1	1	Standard	False
Assets/Low Poly SMG Weapon Pack 2/Prefabs/Attachments/Accessories/Tatical Lasers/Laser_A_Left.prefab	SMGPack2	Laser_A_Left	346	0.0387	0.0650	0.1275	1	1	Standard	False
Assets/Low Poly SMG Weapon Pack 2/Prefabs/Attachments/Accessories/Tatical Lasers/Laser_A_Right.prefab	SMGPack2	Laser_A_Right	346	0.0387	0.0650	0.1275	1	1	Standard	False
Assets/Low Poly SMG Weapon Pack 2/Prefabs/Attachments/Accessories/Tatical Lasers/Laser_B_Left.prefab	SMGPack2	Laser_B_Left	544	0.0387	0.0700	0.1325	1	1	Standard	False
Assets/Low Poly SMG Weapon Pack 2/Prefabs/Attachments/Accessories/Tatical Lasers/Laser_B_Right.prefab	SMGPack2	Laser_B_Right	544	0.0387	0.0700	0.1325	1	1	Standard	False
Assets/Low Poly SMG Weapon Pack 2/Prefabs/Attachments/Accessories/Tatical Lasers/Laser_C_Left.prefab	SMGPack2	Laser_C_Left	718	0.0338	0.0775	0.1013	1	1	Standard	False
Assets/Low Poly SMG Weapon Pack 2/Prefabs/Attachments/Accessories/Tatical Lasers/Laser_C_Right.prefab	SMGPack2	Laser_C_Right	718	0.0338	0.0775	0.1013	1	1	Standard	False
Assets/Low Poly SMG Weapon Pack 2/Prefabs/Attachments/Accessories/Tatical Lasers/Laser_D_Left.prefab	SMGPack2	Laser_D_Left	796	0.0413	0.0750	0.1250	1	1	Standard	False
Assets/Low Poly SMG Weapon Pack 2/Prefabs/Attachments/Accessories/Tatical Lasers/Laser_D_Right.prefab	SMGPack2	Laser_D_Right	796	0.0413	0.0750	0.1250	1	1	Standard	False
Assets/Low Poly SMG Weapon Pack 2/Prefabs/Attachments/Accessories/Tatical Lasers/Laser_E_Left.prefab	SMGPack2	Laser_E_Left	878	0.0437	0.0700	0.1138	1	1	Standard	False
Assets/Low Poly SMG Weapon Pack 2/Prefabs/Attachments/Accessories/Tatical Lasers/Laser_E_Right.prefab	SMGPack2	Laser_E_Right	878	0.0437	0.0700	0.1138	1	1	Standard	False
Assets/Low Poly SMG Weapon Pack 2/Prefabs/Attachments/Accessories/Tatical Lights/Light_A_Left.prefab	SMGPack2	Light_A_Left	520	0.0564	0.0490	0.1875	2	2	Standard	False
Assets/Low Poly SMG Weapon Pack 2/Prefabs/Attachments/Accessories/Tatical Lights/Light_A_Right.prefab	SMGPack2	Light_A_Right	520	0.0564	0.0490	0.1875	2	2	Standard	False
Assets/Low Poly SMG Weapon Pack 2/Prefabs/Attachments/Accessories/Tatical Lights/Light_B_Left.prefab	SMGPack2	Light_B_Left	622	0.0446	0.0705	0.1375	2	2	Standard	False
Assets/Low Poly SMG Weapon Pack 2/Prefabs/Attachments/Accessories/Tatical Lights/Light_B_Right.prefab	SMGPack2	Light_B_Right	622	0.0446	0.0705	0.1375	2	2	Standard	False
Assets/Low Poly SMG Weapon Pack 2/Prefabs/Attachments/Accessories/Tatical Lights/Light_C_Left.prefab	SMGPack2	Light_C_Left	456	0.0275	0.0375	0.0613	1	1	Standard	False
Assets/Low Poly SMG Weapon Pack 2/Prefabs/Attachments/Accessories/Tatical Lights/Light_C_Right.prefab	SMGPack2	Light_C_Right	456	0.0275	0.0375	0.0613	1	1	Standard	False
Assets/Low Poly SMG Weapon Pack 2/Prefabs/Attachments/Accessories/Tatical Lights/Light_D_Left.prefab	SMGPack2	Light_D_Left	784	0.0612	0.0555	0.1525	1	1	Standard	False
Assets/Low Poly SMG Weapon Pack 2/Prefabs/Attachments/Accessories/Tatical Lights/Light_D_Right.prefab	SMGPack2	Light_D_Right	784	0.0612	0.0555	0.1525	1	1	Standard	False
Assets/Low Poly SMG Weapon Pack 2/Prefabs/Attachments/Accessories/Tatical Lights/Light_E_Left.prefab	SMGPack2	Light_E_Left	1180	0.0543	0.0389	0.1563	1	1	Standard	False
Assets/Low Poly SMG Weapon Pack 2/Prefabs/Attachments/Accessories/Tatical Lights/Light_E_Right.prefab	SMGPack2	Light_E_Right	1180	0.0543	0.0389	0.1563	1	1	Standard	False
Assets/Low Poly SMG Weapon Pack 2/Prefabs/Attachments/Muzzles/Muzzle_Brake_A.prefab	SMGPack2	Muzzle_Brake_A	392	0.0260	0.0300	0.0650	1	1	Standard	False
Assets/Low Poly SMG Weapon Pack 2/Prefabs/Attachments/Muzzles/Muzzle_Brake_B.prefab	SMGPack2	Muzzle_Brake_B	256	0.0303	0.0350	0.0600	1	1	Standard	False
Assets/Low Poly SMG Weapon Pack 2/Prefabs/Attachments/Muzzles/Muzzle_Brake_C.prefab	SMGPack2	Muzzle_Brake_C	800	0.0325	0.0375	0.0825	1	1	Standard	False
Assets/Low Poly SMG Weapon Pack 2/Prefabs/Attachments/Muzzles/Muzzle_Brake_D.prefab	SMGPack2	Muzzle_Brake_D	568	0.0331	0.0382	0.1150	1	1	Standard	False
Assets/Low Poly SMG Weapon Pack 2/Prefabs/Attachments/Muzzles/Muzzle_Brake_E.prefab	SMGPack2	Muzzle_Brake_E	296	0.0346	0.0400	0.0575	1	1	Standard	False
Assets/Low Poly SMG Weapon Pack 2/Prefabs/Attachments/Muzzles/Muzzle_Flash Hider_A.prefab	SMGPack2	Muzzle_Flash Hider_A	488	0.0260	0.0300	0.0650	1	1	Standard	False
Assets/Low Poly SMG Weapon Pack 2/Prefabs/Attachments/Muzzles/Muzzle_Flash Hider_B.prefab	SMGPack2	Muzzle_Flash Hider_B	474	0.0303	0.0350	0.1087	1	1	Standard	False
Assets/Low Poly SMG Weapon Pack 2/Prefabs/Attachments/Muzzles/Muzzle_Flash Hider_C.prefab	SMGPack2	Muzzle_Flash Hider_C	708	0.0314	0.0363	0.1063	1	1	Standard	False
Assets/Low Poly SMG Weapon Pack 2/Prefabs/Attachments/Muzzles/Muzzle_Flash Hider_D.prefab	SMGPack2	Muzzle_Flash Hider_D	620	0.0260	0.0300	0.0687	1	1	Standard	False
Assets/Low Poly SMG Weapon Pack 2/Prefabs/Attachments/Muzzles/Muzzle_Flash Hider_E.prefab	SMGPack2	Muzzle_Flash Hider_E	464	0.0333	0.0385	0.0737	1	1	Standard	False
Assets/Low Poly SMG Weapon Pack 2/Prefabs/Attachments/Muzzles/Muzzle_Suppressor_A.prefab	SMGPack2	Muzzle_Suppressor_A	292	0.0429	0.0495	0.2375	1	1	Standard	False
Assets/Low Poly SMG Weapon Pack 2/Prefabs/Attachments/Muzzles/Muzzle_Suppressor_B.prefab	SMGPack2	Muzzle_Suppressor_B	364	0.0507	0.0585	0.2675	1	1	Standard	False
Assets/Low Poly SMG Weapon Pack 2/Prefabs/Attachments/Muzzles/Muzzle_Suppressor_C.prefab	SMGPack2	Muzzle_Suppressor_C	452	0.0476	0.0550	0.1550	1	1	Standard	False
Assets/Low Poly SMG Weapon Pack 2/Prefabs/Attachments/Muzzles/Muzzle_Suppressor_D.prefab	SMGPack2	Muzzle_Suppressor_D	484	0.0405	0.0468	0.2400	1	1	Standard	False
Assets/Low Poly SMG Weapon Pack 2/Prefabs/Attachments/Muzzles/Muzzle_Suppressor_E.prefab	SMGPack2	Muzzle_Suppressor_E	296	0.0429	0.0495	0.2625	1	1	Standard	False
Assets/Low Poly SMG Weapon Pack 2/Prefabs/Attachments/Muzzles/Muzzle_Suppressor_H.prefab	SMGPack2	Muzzle_Suppressor_H	536	0.0425	0.0650	0.2813	1	1	Standard	False
Assets/Low Poly SMG Weapon Pack 2/Prefabs/Attachments/Optics/Optic_A.prefab	SMGPack2	Optic_A	524	0.0450	0.0658	0.0756	2	2	Standard	False
Assets/Low Poly SMG Weapon Pack 2/Prefabs/Attachments/Optics/Optic_B.prefab	SMGPack2	Optic_B	606	0.0500	0.0876	0.1300	2	2	Standard	False
Assets/Low Poly SMG Weapon Pack 2/Prefabs/Attachments/Optics/Optic_C.prefab	SMGPack2	Optic_C	932	0.0645	0.1243	0.2020	2	2	Standard	False
Assets/Low Poly SMG Weapon Pack 2/Prefabs/Attachments/Optics/Optic_D.prefab	SMGPack2	Optic_D	786	0.0512	0.0896	0.1600	2	2	Standard	False
Assets/Low Poly SMG Weapon Pack 2/Prefabs/Attachments/Optics/Optic_E.prefab	SMGPack2	Optic_E	858	0.0600	0.0861	0.0881	2	2	Standard	False
Assets/Low Poly SMG Weapon Pack 2/Prefabs/Attachments/Optics/Optic_F.prefab	SMGPack2	Optic_F	858	0.0550	0.1031	0.0900	2	2	Standard	False
Assets/Low Poly SMG Weapon Pack 2/Prefabs/Attachments/Optics/Optic_G.prefab	SMGPack2	Optic_G	932	0.0575	0.0712	0.0438	4	4	Standard	False
Assets/Low Poly SMG Weapon Pack 2/Prefabs/Attachments/Optics/Optic_H.prefab	SMGPack2	Optic_H	1798	0.0663	0.1461	0.1763	2	2	Standard	False
Assets/Low Poly SMG Weapon Pack 2/Prefabs/Attachments/Optics/Optic_I.prefab	SMGPack2	Optic_I	1220	0.0600	0.0918	0.1175	2	2	Standard	False
Assets/Low Poly SMG Weapon Pack 2/Prefabs/Attachments/Optics/Optic_J.prefab	SMGPack2	Optic_J	2128	0.0638	0.1347	0.1950	3	3	Standard	False
Assets/Low Poly SMG Weapon Pack 2/Prefabs/Attachments/Optics/Optic_K.prefab	SMGPack2	Optic_K	1220	0.0667	0.1239	0.2097	2	2	Standard	False
Assets/Low Poly SMG Weapon Pack 2/Prefabs/Attachments/Optics/Optic_L.prefab	SMGPack2	Optic_L	2052	0.0675	0.1008	0.2575	4	4	Standard	False
Assets/Low Poly SMG Weapon Pack 2/Prefabs/Attachments/Optics/Optic_O.prefab	SMGPack2	Optic_O	1028	0.0550	0.1013	0.0738	2	2	Standard	False
Assets/Low Poly SMG Weapon Pack 2/Prefabs/Attachments/Optics/Optic_P.prefab	SMGPack2	Optic_P	924	0.0550	0.0825	0.0700	2	2	Standard	False
Assets/Low Poly SMG Weapon Pack 2/Prefabs/Attachments/Optics/Optic_Q.prefab	SMGPack2	Optic_Q	962	0.0550	0.0700	0.0800	2	2	Standard	False
Assets/Low Poly SMG Weapon Pack 2/Prefabs/Attachments/UnderBarrels/ForwardGrip_A.prefab	SMGPack2	ForwardGrip_A	352	0.0525	0.0775	0.1700	1	1	Standard	False
Assets/Low Poly SMG Weapon Pack 2/Prefabs/Attachments/UnderBarrels/ForwardGrip_B.prefab	SMGPack2	ForwardGrip_B	284	0.0500	0.1050	0.0675	1	1	Standard	False
Assets/Low Poly SMG Weapon Pack 2/Prefabs/Attachments/UnderBarrels/ForwardGrip_C.prefab	SMGPack2	ForwardGrip_C	352	0.0440	0.1550	0.0600	1	1	Standard	False
Assets/Low Poly SMG Weapon Pack 2/Prefabs/Attachments/UnderBarrels/ForwardGrip_D.prefab	SMGPack2	ForwardGrip_D	624	0.0450	0.1150	0.0700	1	1	Standard	False
Assets/Low Poly SMG Weapon Pack 2/Prefabs/Attachments/UnderBarrels/ForwardGrip_E.prefab	SMGPack2	ForwardGrip_E	488	0.0500	0.1638	0.0450	1	1	Standard	False
Assets/Low Poly SMG Weapon Pack 2/Prefabs/Attachments/UnderBarrels/ForwardGrip_F.prefab	SMGPack2	ForwardGrip_F	450	0.0500	0.0700	0.1275	1	1	Standard	False
Assets/Low Poly SMG Weapon Pack 2/Prefabs/Attachments/UnderBarrels/ForwardGrip_G.prefab	SMGPack2	ForwardGrip_G	386	0.0525	0.0563	0.0565	1	1	Standard	False
Assets/Low Poly SMG Weapon Pack 2/Prefabs/Attachments/UnderBarrels/ForwardGrip_H.prefab	SMGPack2	ForwardGrip_H	532	0.0475	0.1175	0.0625	1	1	Standard	False
Assets/Low Poly SMG Weapon Pack 2/Prefabs/Attachments/UnderBarrels/ForwardGrip_I.prefab	SMGPack2	ForwardGrip_I	616	0.0500	0.1000	0.1538	1	1	Standard	False
Assets/Low Poly SMG Weapon Pack 2/Prefabs/Attachments/UnderBarrels/ForwardGrip_L.prefab	SMGPack2	ForwardGrip_L	412	0.0500	0.0536	0.0650	1	1	Standard	False
Assets/Low Poly SMG Weapon Pack 2/Prefabs/Attachments/UnderBarrels/ForwardGrip_M.prefab	SMGPack2	ForwardGrip_M	528	0.0525	0.0669	0.0641	1	1	Standard	False
Assets/Low Poly SMG Weapon Pack 2/Prefabs/Attachments/UnderBarrels/ForwardGrip_N.prefab	SMGPack2	ForwardGrip_N	392	0.0500	0.0875	0.0688	1	1	Standard	False
Assets/Low Poly SMG Weapon Pack 2/Prefabs/Bullets/Bullet_SMG_A.prefab	SMGPack2	Bullet_SMG_A	148	0.0133	0.0154	0.0330	2	2	Standard	False
Assets/Low Poly SMG Weapon Pack 2/Prefabs/Bullets/Bullet_SMG_B.prefab	SMGPack2	Bullet_SMG_B	196	0.0133	0.0154	0.0330	2	2	Standard	False
Assets/Low Poly SMG Weapon Pack 2/Prefabs/Bullets/Bullet_SMG_C.prefab	SMGPack2	Bullet_SMG_C	172	0.0133	0.0154	0.0343	2	2	Standard	False
Assets/Low Poly SMG Weapon Pack 2/Prefabs/Bullets/Bullet_SMG_D.prefab	SMGPack2	Bullet_SMG_D	184	0.0133	0.0154	0.0338	2	2	Standard	False
Assets/Low Poly SMG Weapon Pack 2/Prefabs/Weapons/SMG_F.prefab	SMGPack2	SMG_F	6533	0.0649	0.3323	0.5325	12	12	Standard	False
Assets/Low Poly SMG Weapon Pack 2/Prefabs/Weapons/SMG_G.prefab	SMGPack2	SMG_G	5926	0.0725	0.3025	0.5962	15	15	Standard	False
Assets/Low Poly SMG Weapon Pack 2/Prefabs/Weapons/SMG_H.prefab	SMGPack2	SMG_H	4246	0.0688	0.2800	0.5495	7	7	Standard	False
Assets/Low Poly SMG Weapon Pack 2/Prefabs/Weapons/SMG_I.prefab	SMGPack2	SMG_I	4994	0.0645	0.2979	0.7103	7	7	Standard	False
Assets/Low Poly SMG Weapon Pack 2/Prefabs/Weapons/SMG_J.prefab	SMGPack2	SMG_J	7256	0.0674	0.2760	0.5250	14	14	Standard	False
