time,pid,cpu_pct,pss_mb,battery_c,thermal_status
03:38:05,,,,34.4,0
03:38:11,6515,77.7,696,34.4,0
03:38:17,6515,123,738,34.1,0
03:38:23,6515,138,1214,34.1,0
03:38:29,6515,151,1226,34.1,0
03:38:35,6515,142,1232,34.1,0
03:38:41,6515,144,1233,34.1,0
03:38:47,6515,144,1234,34.1,0
03:38:53,6515,150,1235,35.0,0
03:39:00,6515,155,1240,35.0,0
03:39:06,6515,134,1243,35.0,0
03:39:12,6515,150,1245,35.0,0
03:39:18,6515,153,1246,35.4,0
03:39:24,6515,146,1243,35.4,0
03:39:30,6515,155,1244,35.4,0
03:39:36,6515,150,1245,35.4,0
03:39:42,6515,161,1262,35.4,0
03:39:48,6515,155,1263,35.4,0
03:39:54,6515,159,1269,35.4,0
03:40:00,6515,153,1275,35.4,0
03:40:06,6515,134,1276,35.4,0
03:40:12,6515,151,1283,36.0,0
03:40:18,6515,151,1283,36.0,0
03:40:24,6515,173,1287,36.0,0
03:40:30,6515,174,1291,36.0,0
03:40:36,6515,138,1297,36.0,0
03:40:42,6515,130,1298,36.0,0
03:40:48,6515,133,1299,36.0,0
03:40:54,6515,114,1310,36.0,0
03:41:00,6515,140,1320,36.0,0
03:41:06,6515,144,1321,36.0,0
03:41:12,6515,144,1320,36.0,0
03:41:18,6515,137,1320,36.8,0
03:41:24,6515,203,1325,36.8,0
03:41:30,6515,211,1325,36.8,0
03:41:36,6515,203,1320,36.8,0
03:41:43,6515,185,1322,36.8,0
03:41:49,6515,153,1323,36.8,0
03:41:55,6515,140,1323,36.8,0
03:42:01,6515,200,1327,36.8,0
03:42:07,6515,203,1327,36.8,0
03:42:13,6515,207,1325,36.9,0
03:42:19,6515,125,1322,36.9,0
03:42:25,6515,137,1323,36.9,0
03:42:31,6515,151,1325,36.9,0
03:42:37,6515,144,1325,36.9,0
03:42:43,6515,211,1319,36.9,0
03:42:49,6515,218,1307,37.4,0
03:42:55,6515,214,1307,37.4,0
03:43:01,6515,218,1308,37.4,0
03:43:07,6515,214,1309,37.4,0
03:43:13,6515,137,1315,37.6,0
03:43:19,6515,148,1316,37.6,0
03:43:25,6515,159,1316,37.6,0
03:43:31,6515,137,1317,37.6,0
03:43:37,6515,144,1317,37.6,0
03:43:43,6515,140,1316,37.6,0
03:43:50,6515,137,1316,37.6,0
03:43:56,6515,148,1316,37.6,0
03:44:02,6515,144,1314,37.6,0
03:44:08,6515,155,1314,37.6,0
03:44:14,6515,140,1314,36.9,0
03:44:20,6515,137,1315,36.9,0
03:44:26,6515,151,1315,36.9,0
03:44:32,6515,144,1315,36.9,0
03:44:38,6515,151,1315,36.9,0
03:44:44,6515,140,1317,36.9,0
03:44:50,6515,140,1318,36.9,0
03:44:56,6515,155,1320,36.9,0
03:45:02,6515,144,1320,36.9,0
03:45:08,6515,137,1322,36.9,0
03:45:14,6515,161,1322,36.6,0
03:45:21,6515,155,1323,36.6,0
03:45:27,6515,153,1323,36.6,0
03:45:33,6515,159,1324,36.6,0
03:45:39,6515,170,1324,36.6,0
03:45:45,6515,174,1324,36.6,0
03:45:51,6515,159,1324,36.6,0
03:45:57,6515,166,1325,37.0,0
03:46:03,6515,174,1325,37.0,0
03:46:09,6515,148,1325,37.0,0
03:46:15,6515,155,1325,37.1,0
03:46:21,6515,159,1325,37.1,0
03:46:27,6515,166,1326,37.1,0
03:46:33,6515,185,1326,37.1,0
03:46:39,6515,170,1326,37.1,0
03:46:45,6515,148,1326,37.1,0
03:46:51,6515,185,1327,37.1,0
03:46:57,6515,196,1327,37.1,0
03:47:03,6515,181,1328,37.1,0
03:47:09,6515,174,1329,37.1,0
03:47:16,6515,176,1329,37.6,0
03:47:22,6515,181,1329,37.6,0
03:47:28,6515,170,1329,37.6,0
03:47:34,6515,181,1329,37.6,0
03:47:40,6515,174,1329,38.0,0
03:47:46,6515,181,1330,38.0,0
03:47:52,6515,166,1331,38.0,0
03:47:58,6515,134,1331,38.0,0
03:48:04,6515,138,1331,38.0,0
03:48:11,6515,125,1328,38.0,0
03:48:17,6515,129,1327,38.2,0
03:48:24,6515,140,1327,38.2,0
03:48:30,6515,144,1326,38.2,0
03:48:37,6515,138,1326,38.2,0
03:48:44,6515,140,1326,38.2,0
03:48:50,6515,138,1326,37.9,0
03:48:57,6515,142,1326,37.9,0
03:49:03,6515,133,1326,37.9,0
03:49:10,6515,144,1326,37.9,0
03:49:17,6515,140,1326,37.4,0
03:49:23,6515,140,1327,37.4,0
03:49:30,6515,138,1327,37.4,0
03:49:36,6515,146,1327,37.4,0
03:49:43,6515,140,1327,37.4,0
03:49:49,6515,146,1327,36.9,0
03:49:56,6515,130,1327,36.9,0
03:50:03,6515,142,1327,36.9,0
03:50:09,6515,134,1327,36.9,0
03:50:16,6515,130,1327,36.8,0
03:50:22,6515,123,1325,36.8,0
03:50:29,6515,130,1325,36.8,0
03:50:36,6515,126,1325,36.8,0
03:50:42,6515,125,1323,36.8,0
03:50:49,6515,134,1323,36.8,0
03:50:56,6515,125,1323,36.8,0
03:51:02,6515,138,1323,36.8,0
03:51:09,6515,134,1323,36.8,0
03:51:15,6515,134,1323,36.4,0
03:51:22,6515,134,1324,36.4,0
